61,5;0:00.090;a cpu;7,1;0:00.020;d cpu;15,4;0:00.030;g cpu;6,7;0:00.020;j cpu
100;0:00.210;b time;100;0:00.160;e time;92,3;0:00.150;h time;92,9;0:00.150;k time
100;0:00.340;LEFT;69,2;0:00.250;LEFT;92,9;0:00.280;LEFT;93,3;0:00.290;LEFT
91,7;0:00.450;PARDUS;92,3;0:00.370;PARDUS;84,6;0:00.390;UBUNTU;75;0:00.410;UBUNTU
100;0:00.580;GPOS;91,7;0:00.480;RTOS;100;0:00.520;GPOS;115,4;0:00.560;RTOS
100;0:00.700;;92,3;0:00.600;;107,7;0:00.660;;93,8;0:00.710;
100;0:00.830;;92,3;0:00.720;;92,9;0:00.790;;93,3;0:00.850;
100;0:00.950;;107,7;0:00.860;;100;0:00.920;;93,3;0:00.990;
84,6;0:01.060;;107,7;0:01.000;;92,3;0:01.040;;107,7;0:01.130;
91,7;0:01.170;;85,7;0:01.120;;85,7;0:01.160;;78,6;0:01.240;
75;0:01.260;;78,6;0:01.230;;46,2;0:01.220;;53,3;0:01.320;
53,8;0:01.330;;38,5;0:01.280;;66,7;0:01.320;;86,7;0:01.450;
100;0:01.450;;100;0:01.410;;92,3;0:01.440;;71,4;0:01.550;
108,3;0:01.580;;100;0:01.540;;30,8;0:01.480;;20;0:01.580;
100;0:01.700;;100;0:01.670;;7,7;0:01.490;;6,2;0:01.590;
100;0:01.830;;100;0:01.800;;7,7;0:01.500;;6,7;0:01.600;
76,9;0:01.930;;61,5;0:01.880;;7,7;0:01.510;;7,1;0:01.610;
25;0:01.960;;23,1;0:01.910;;15,4;0:01.530;;6,2;0:01.620;
6,7;0:01.970;;7,7;0:01.920;;7,7;0:01.540;;7,1;0:01.630;
7,7;0:01.980;;7,1;0:01.930;;7,1;0:01.550;;6,7;0:01.640;
8,3;0:01.990;;15,4;0:01.950;;7,7;0:01.560;;6,7;0:01.650;
7,7;0:02.000;;14,3;0:01.970;;7,1;0:01.570;;7,1;0:01.660;
7,7;0:02.010;;7,1;0:01.980;;7,7;0:01.580;;6,7;0:01.670;
8,3;0:02.020;;7,7;0:01.990;;7,7;0:01.590;;7,1;0:01.680;
7,7;0:02.030;;15,4;0:02.010;;7,1;0:01.600;;7,1;0:01.690;
16,7;0:02.050;;14,3;0:02.030;;7,1;0:01.610;;7,1;0:01.700;
7,7;0:02.060;;7,7;0:02.040;;7,1;0:01.620;;7,1;0:01.710;
8,3;0:02.070;;7,7;0:02.050;;6,2;0:01.630;;7,1;0:01.720;
8,3;0:02.080;;7,7;0:02.060;;7,1;0:01.640;;6,7;0:01.730;
7,7;0:02.090;;7,1;0:02.070;;7,7;0:01.650;;7,1;0:01.740;
8,3;0:02.100;;7,7;0:02.080;;7,1;0:01.660;;6,7;0:01.750;
7,7;0:02.110;;7,7;0:02.090;;6,7;0:01.670;;6,7;0:01.760;
8,3;0:02.120;;7,7;0:02.100;;7,7;0:01.680;;5,3;0:01.770;
7,7;0:02.130;;7,7;0:02.110;;7,1;0:01.690;;6,2;0:01.780;
8,3;0:02.140;;7,7;0:02.120;;15,4;0:01.710;;7,1;0:01.790;
8,3;0:02.150;;7,7;0:02.130;;6,7;0:01.720;;7,1;0:01.800;
8,3;0:02.160;;7,1;0:02.140;;7,1;0:01.730;;6,7;0:01.810;
8,3;0:02.170;;7,7;0:02.150;;7,7;0:01.740;;6,7;0:01.820;
8,3;0:02.180;;7,7;0:02.160;;7,7;0:01.750;;6,7;0:01.830;
8,3;0:02.190;;7,7;0:02.170;;7,7;0:01.760;;7,1;0:01.840;
8,3;0:02.200;;7,1;0:02.180;;7,7;0:01.770;;6,7;0:01.850;
7,7;0:02.210;;7,7;0:02.190;;7,7;0:01.780;;6,7;0:01.860;
8,3;0:02.220;;7,7;0:02.200;;7,7;0:01.790;;6,7;0:01.870;
7,7;0:02.230;;7,7;0:02.210;;7,1;0:01.800;;7,1;0:01.880;
8,3;0:02.240;;7,7;0:02.220;;15,4;0:01.820;;7,1;0:01.890;
7,7;0:02.250;;7,7;0:02.230;;7,7;0:01.830;;6,2;0:01.900;
16,7;0:02.270;;7,7;0:02.240;;7,7;0:01.840;;7,1;0:01.910;
8,3;0:02.280;;7,7;0:02.250;;6,2;0:01.850;;7,1;0:01.920;
7,7;0:02.290;;7,7;0:02.260;;7,7;0:01.860;;7,1;0:01.930;
8,3;0:02.300;;7,7;0:02.270;;7,7;0:01.870;;14,3;0:01.950;
8,3;0:02.310;;7,7;0:02.280;;7,7;0:01.880;;7,1;0:01.960;
8,3;0:02.320;;7,1;0:02.290;;7,1;0:01.890;;6,2;0:01.970;
7,7;0:02.330;;7,7;0:02.300;;7,1;0:01.900;;7,1;0:01.980;
8,3;0:02.340;;7,7;0:02.310;;12,5;0:01.920;;6,7;0:01.990;
7,7;0:02.350;;7,1;0:02.320;;5,9;0:01.930;;7,1;0:02.000;
8,3;0:02.360;;7,7;0:02.330;;7,1;0:01.940;;6,7;0:02.010;
8,3;0:02.370;;7,7;0:02.340;;7,7;0:01.950;;7,1;0:02.020;
7,7;0:02.380;;7,1;0:02.350;;7,7;0:01.960;;7,1;0:02.030;
7,7;0:02.390;;7,1;0:02.360;;7,7;0:01.970;;7,1;0:02.040;
8,3;0:02.400;;7,7;0:02.370;;7,1;0:01.980;;6,7;0:02.050;
7,7;0:02.410;;7,1;0:02.380;;7,7;0:01.990;;7,1;0:02.060;
7,7;0:02.420;;7,7;0:02.390;;7,1;0:02.000;;7,1;0:02.070;
7,7;0:02.430;;7,7;0:02.400;;7,1;0:02.010;;6,7;0:02.080;
7,7;0:02.440;;7,1;0:02.410;;7,1;0:02.020;;7,1;0:02.090;
7,7;0:02.450;;14,3;0:02.430;;7,1;0:02.030;;14,3;0:02.110;
7,7;0:02.460;;6,2;0:02.440;;15,4;0:02.050;;7,1;0:02.120;
15,4;0:02.480;;7,7;0:02.450;;7,7;0:02.060;;6,7;0:02.130;
7,7;0:02.490;;7,7;0:02.460;;6,7;0:02.070;;7,1;0:02.140;
8,3;0:02.500;;7,7;0:02.470;;7,7;0:02.080;;6,7;0:02.150;
7,7;0:02.510;;7,7;0:02.480;;7,7;0:02.090;;14,3;0:02.170;
8,3;0:02.520;;7,7;0:02.490;;7,1;0:02.100;;7,1;0:02.180;
7,1;0:02.530;;7,7;0:02.500;;7,1;0:02.110;;7,1;0:02.190;
8,3;0:02.540;;7,7;0:02.510;;8,3;0:02.120;;7,1;0:02.200;
7,7;0:02.550;;7,7;0:02.520;;7,1;0:02.130;;6,7;0:02.210;
8,3;0:02.560;;7,7;0:02.530;;7,1;0:02.140;;6,7;0:02.220;
7,7;0:02.570;;7,1;0:02.540;;7,1;0:02.150;;7,1;0:02.230;
8,3;0:02.580;;7,1;0:02.550;;6,7;0:02.160;;7,1;0:02.240;
7,7;0:02.590;;7,7;0:02.560;;7,7;0:02.170;;7,1;0:02.250;
15,4;0:02.610;;7,7;0:02.570;;7,1;0:02.180;;7,1;0:02.260;
8,3;0:02.620;;7,7;0:02.580;;7,1;0:02.190;;7,1;0:02.270;
8,3;0:02.630;;7,7;0:02.590;;7,7;0:02.200;;7,1;0:02.280;
7,7;0:02.640;;7,7;0:02.600;;7,7;0:02.210;;7,1;0:02.290;
7,7;0:02.650;;7,1;0:02.610;;7,1;0:02.220;;7,1;0:02.300;
16,7;0:02.670;;7,7;0:02.620;;7,7;0:02.230;;7,1;0:02.310;
8,3;0:02.680;;7,7;0:02.630;;7,1;0:02.240;;7,1;0:02.320;
7,7;0:02.690;;7,7;0:02.640;;7,7;0:02.250;;7,1;0:02.330;
8,3;0:02.700;;7,7;0:02.650;;7,7;0:02.260;;7,1;0:02.340;
8,3;0:02.710;;7,1;0:02.660;;7,1;0:02.270;;7,1;0:02.350;
8,3;0:02.720;;7,1;0:02.670;;7,1;0:02.280;;7,1;0:02.360;
8,3;0:02.730;;7,1;0:02.680;;7,1;0:02.290;;7,1;0:02.370;
8,3;0:02.740;;7,1;0:02.690;;7,7;0:02.300;;6,2;0:02.380;
8,3;0:02.750;;7,7;0:02.700;;7,7;0:02.310;;6,7;0:02.390;
7,7;0:02.760;;7,7;0:02.710;;15,4;0:02.330;;6,7;0:02.400;
8,3;0:02.770;;7,1;0:02.720;;7,7;0:02.340;;6,7;0:02.410;
8,3;0:02.780;;7,7;0:02.730;;7,7;0:02.350;;6,2;0:02.420;
8,3;0:02.790;;7,7;0:02.740;;7,1;0:02.360;;5,3;0:02.430;
7,7;0:02.800;;15,4;0:02.760;;7,7;0:02.370;;5,6;0:02.440;
7,7;0:02.810;;7,1;0:02.770;;7,1;0:02.380;;7,1;0:02.450;
8,3;0:02.820;;7,7;0:02.780;;8,3;0:02.390;;7,1;0:02.460;
7,7;0:02.830;;7,1;0:02.790;;7,1;0:02.400;;6,7;0:02.470;
7,7;0:02.840;;7,7;0:02.800;;7,7;0:02.410;;6,7;0:02.480;
8,3;0:02.850;;7,7;0:02.810;;7,7;0:02.420;;7,1;0:02.490;
7,7;0:02.860;;7,1;0:02.820;;7,1;0:02.430;;7,1;0:02.500;
8,3;0:02.870;;7,7;0:02.830;;7,1;0:02.440;;6,7;0:02.510;
7,7;0:02.880;;7,7;0:02.840;;7,7;0:02.450;;6,2;0:02.520;
8,3;0:02.890;;7,7;0:02.850;;7,7;0:02.460;;7,1;0:02.530;
8,3;0:02.900;;7,7;0:02.860;;7,1;0:02.470;;7,1;0:02.540;
7,7;0:02.910;;7,1;0:02.870;;7,7;0:02.480;;7,1;0:02.550;
7,7;0:02.920;;7,1;0:02.880;;7,7;0:02.490;;7,1;0:02.560;
7,7;0:02.930;;7,7;0:02.890;;7,7;0:02.500;;7,1;0:02.570;
8,3;0:02.940;;7,7;0:02.900;;7,7;0:02.510;;7,1;0:02.580;
8,3;0:02.950;;7,7;0:02.910;;7,7;0:02.520;;7,1;0:02.590;
7,7;0:02.960;;7,7;0:02.920;;7,1;0:02.530;;6,7;0:02.600;
8,3;0:02.970;;7,7;0:02.930;;7,7;0:02.540;;7,1;0:02.610;
7,7;0:02.980;;7,1;0:02.940;;7,1;0:02.550;;7,1;0:02.620;
8,3;0:02.990;;7,1;0:02.950;;7,7;0:02.560;;7,1;0:02.630;
8,3;0:03.000;;7,1;0:02.960;;7,7;0:02.570;;5,6;0:02.640;
7,7;0:03.010;;7,7;0:02.970;;7,1;0:02.580;;6,7;0:02.650;
7,7;0:03.020;;7,7;0:02.980;;7,1;0:02.590;;5,6;0:02.660;
7,7;0:03.030;;7,1;0:02.990;;6,7;0:02.600;;7,1;0:02.670;
7,7;0:03.040;;7,1;0:03.000;;7,1;0:02.610;;7,1;0:02.680;
7,7;0:03.050;;7,7;0:03.010;;7,7;0:02.620;;7,1;0:02.690;
8,3;0:03.060;;7,7;0:03.020;;7,7;0:02.630;;7,1;0:02.700;
8,3;0:03.070;;14,3;0:03.040;;7,1;0:02.640;;7,1;0:02.710;
7,7;0:03.080;;7,7;0:03.050;;7,7;0:02.650;;7,1;0:02.720;
7,7;0:03.090;;7,1;0:03.060;;6,7;0:02.660;;7,1;0:02.730;
8,3;0:03.100;;7,1;0:03.070;;7,1;0:02.670;;6,2;0:02.740;
7,7;0:03.110;;7,7;0:03.080;;7,7;0:02.680;;6,7;0:02.750;
8,3;0:03.120;;7,7;0:03.090;;7,7;0:02.690;;7,1;0:02.760;
7,7;0:03.130;;15,4;0:03.110;;7,1;0:02.700;;6,7;0:02.770;
7,7;0:03.140;;7,7;0:03.120;;7,7;0:02.710;;6,7;0:02.780;
8,3;0:03.150;;7,7;0:03.130;;7,7;0:02.720;;7,1;0:02.790;
8,3;0:03.160;;7,7;0:03.140;;7,7;0:02.730;;7,1;0:02.800;
8,3;0:03.170;;7,1;0:03.150;;7,7;0:02.740;;6,7;0:02.810;
8,3;0:03.180;;8,3;0:03.160;;7,7;0:02.750;;7,1;0:02.820;
8,3;0:03.190;;7,1;0:03.170;;7,7;0:02.760;;7,1;0:02.830;
8,3;0:03.200;;7,7;0:03.180;;7,7;0:02.770;;7,1;0:02.840;
7,7;0:03.210;;7,7;0:03.190;;7,1;0:02.780;;7,1;0:02.850;
8,3;0:03.220;;7,7;0:03.200;;7,7;0:02.790;;6,7;0:02.860;
7,7;0:03.230;;7,7;0:03.210;;7,7;0:02.800;;6,2;0:02.870;
7,7;0:03.240;;7,1;0:03.220;;7,7;0:02.810;;7,1;0:02.880;
7,7;0:03.250;;7,7;0:03.230;;7,7;0:02.820;;7,1;0:02.890;
8,3;0:03.260;;7,7;0:03.240;;7,7;0:02.830;;7,1;0:02.900;
8,3;0:03.270;;7,1;0:03.250;;7,7;0:02.840;;7,1;0:02.910;
8,3;0:03.280;;7,7;0:03.260;;7,1;0:02.850;;7,1;0:02.920;
8,3;0:03.290;;7,7;0:03.270;;7,7;0:02.860;;7,1;0:02.930;
8,3;0:03.300;;7,1;0:03.280;;7,1;0:02.870;;7,1;0:02.940;
7,7;0:03.310;;7,7;0:03.290;;7,1;0:02.880;;7,1;0:02.950;
7,7;0:03.320;;7,1;0:03.300;;7,7;0:02.890;;7,1;0:02.960;
8,3;0:03.330;;7,7;0:03.310;;7,7;0:02.900;;7,1;0:02.970;
7,7;0:03.340;;7,1;0:03.320;;7,7;0:02.910;;6,7;0:02.980;
8,3;0:03.350;;7,7;0:03.330;;7,1;0:02.920;;7,1;0:02.990;
8,3;0:03.360;;15,4;0:03.350;;7,1;0:02.930;;7,1;0:03.000;
8,3;0:03.370;;7,7;0:03.360;;7,7;0:02.940;;7,1;0:03.010;
8,3;0:03.380;;7,7;0:03.370;;7,7;0:02.950;;7,1;0:03.020;
8,3;0:03.390;;7,7;0:03.380;;7,7;0:02.960;;6,7;0:03.030;
8,3;0:03.400;;7,1;0:03.390;;7,7;0:02.970;;7,1;0:03.040;
7,7;0:03.410;;7,7;0:03.400;;7,1;0:02.980;;6,7;0:03.050;
7,7;0:03.420;;7,1;0:03.410;;7,7;0:02.990;;7,1;0:03.060;
8,3;0:03.430;;7,7;0:03.420;;7,7;0:03.000;;6,7;0:03.070;
8,3;0:03.440;;7,7;0:03.430;;15,4;0:03.020;;7,1;0:03.080;
8,3;0:03.450;;7,7;0:03.440;;7,7;0:03.030;;7,1;0:03.090;
7,7;0:03.460;;7,1;0:03.450;;7,7;0:03.040;;7,1;0:03.100;
7,7;0:03.470;;7,7;0:03.460;;7,7;0:03.050;;13,3;0:03.120;
7,7;0:03.480;;7,7;0:03.470;;7,1;0:03.060;;6,7;0:03.130;
16,7;0:03.500;;7,1;0:03.480;;7,1;0:03.070;;7,1;0:03.140;
8,3;0:03.510;;7,7;0:03.490;;7,7;0:03.080;;7,1;0:03.150;
7,7;0:03.520;;7,7;0:03.500;;7,1;0:03.090;;6,7;0:03.160;
8,3;0:03.530;;7,7;0:03.510;;7,7;0:03.100;;7,1;0:03.170;
8,3;0:03.540;;7,7;0:03.520;;7,1;0:03.110;;7,1;0:03.180;
7,7;0:03.550;;7,7;0:03.530;;7,7;0:03.120;;7,1;0:03.190;
7,7;0:03.560;;7,7;0:03.540;;7,7;0:03.130;;7,1;0:03.200;
7,7;0:03.570;;7,7;0:03.550;;7,1;0:03.140;;6,7;0:03.210;
8,3;0:03.580;;7,7;0:03.560;;7,1;0:03.150;;7,1;0:03.220;
8,3;0:03.590;;7,7;0:03.570;;7,7;0:03.160;;15,4;0:03.240;
7,7;0:03.600;;7,7;0:03.580;;7,7;0:03.170;;7,1;0:03.250;
8,3;0:03.610;;7,7;0:03.590;;7,7;0:03.180;;7,1;0:03.260;
7,7;0:03.620;;7,7;0:03.600;;7,7;0:03.190;;7,1;0:03.270;
21,4;0:03.650;;21,4;0:03.630;;7,7;0:03.200;;6,7;0:03.280;
28,6;0:03.690;;21,4;0:03.660;;7,1;0:03.210;;7,1;0:03.290;
15,4;0:03.710;;23,1;0:03.690;;7,1;0:03.220;;7,1;0:03.300;
23,1;0:03.740;;31,2;0:03.740;;7,7;0:03.230;;7,1;0:03.310;
23,1;0:03.770;;25;0:03.780;;7,7;0:03.240;;6,7;0:03.320;
21,4;0:03.800;;15,4;0:03.800;;7,7;0:03.250;;7,1;0:03.330;
46,2;0:03.860;;31,2;0:03.850;;7,1;0:03.260;;7,1;0:03.340;
7,1;0:03.870;;17,6;0:03.880;;7,7;0:03.270;;6,7;0:03.350;
23,1;0:03.900;;28,6;0:03.920;;7,7;0:03.280;;6,7;0:03.360;
30,8;0:03.940;;21,4;0:03.950;;7,1;0:03.290;;7,1;0:03.370;
16,7;0:03.960;;26,7;0:03.990;;7,7;0:03.300;;7,1;0:03.380;
30,8;0:04.000;;21,4;0:04.020;;7,1;0:03.310;;7,1;0:03.390;
28,6;0:04.040;;26,7;0:04.060;;7,7;0:03.320;;14,3;0:03.410;
21,4;0:04.070;;33,3;0:04.110;;7,7;0:03.330;;7,1;0:03.420;
57,1;0:04.150;;28,6;0:04.150;;7,7;0:03.340;;7,1;0:03.430;
28,6;0:04.190;;38,5;0:04.200;;7,7;0:03.350;;7,1;0:03.440;
57,1;0:04.270;;25;0:04.250;;7,7;0:03.360;;7,1;0:03.450;
50;0:04.340;;41,2;0:04.320;;7,7;0:03.370;;7,1;0:03.460;
71,4;0:04.440;;50;0:04.390;;7,7;0:03.380;;14,3;0:03.480;
25;0:04.490;;46,7;0:04.460;;7,7;0:03.390;;7,1;0:03.490;
53,8;0:04.560;;66,7;0:04.560;;8,3;0:03.400;;7,1;0:03.500;
69,2;0:04.650;;50;0:04.640;;7,7;0:03.410;;7,1;0:03.510;
50;0:04.720;;64,3;0:04.730;;7,7;0:03.420;;6,2;0:03.520;
85,7;0:04.840;;46,7;0:04.800;;7,7;0:03.430;;7,1;0:03.530;
66,7;0:04.940;;69,2;0:04.890;;7,1;0:03.440;;7,1;0:03.540;
56,2;0:05.030;;50;0:04.960;;7,7;0:03.450;;7,1;0:03.550;
64,3;0:05.120;;60;0:05.050;;7,7;0:03.460;;7,1;0:03.560;
64,3;0:05.210;;64,3;0:05.140;;14,3;0:03.480;;7,1;0:03.570;
57,1;0:05.290;;60;0:05.230;;7,7;0:03.490;;14,3;0:03.590;
66,7;0:05.390;;53,3;0:05.310;;7,7;0:03.500;;7,1;0:03.600;
57,1;0:05.470;;46,7;0:05.380;;7,7;0:03.510;;7,1;0:03.610;
50;0:05.540;;68,8;0:05.490;;7,7;0:03.520;;18,8;0:03.640;
53,3;0:05.620;;37,5;0:05.550;;8,3;0:03.530;;18,8;0:03.670;
46,7;0:05.690;;42,9;0:05.610;;7,1;0:03.540;;26,7;0:03.710;
73,3;0:05.800;;53,8;0:05.680;;7,7;0:03.550;;18,8;0:03.740;
50;0:05.880;;66,7;0:05.780;;7,1;0:03.560;;25;0:03.780;
50;0:05.950;;43,8;0:05.850;;7,7;0:03.570;;20;0:03.810;
46,2;0:06.010;;64,3;0:05.940;;7,1;0:03.580;;25;0:03.850;
64,3;0:06.100;;56,2;0:06.030;;7,1;0:03.590;;23,5;0:03.890;
76,9;0:06.200;;47,1;0:06.110;;7,7;0:03.600;;20;0:03.920;
53,8;0:06.270;;50;0:06.190;;7,1;0:03.610;;26,7;0:03.960;
64,3;0:06.360;;60;0:06.280;;30,8;0:03.650;;26,7;0:04.000;
42,9;0:06.420;;55,6;0:06.380;;31,2;0:03.700;;17,6;0:04.030;
64,3;0:06.510;;50;0:06.460;;12,5;0:03.720;;26,7;0:04.070;
53,8;0:06.580;;64,3;0:06.550;;23,1;0:03.750;;46,7;0:04.140;
64,3;0:06.670;;52,9;0:06.640;;26,7;0:03.790;;40;0:04.220;
42,9;0:06.730;;66,7;0:06.740;;21,4;0:03.820;;46,7;0:04.290;
38,5;0:06.780;;35,3;0:06.800;;28,6;0:03.860;;50;0:04.370;
66,7;0:06.860;;73,3;0:06.910;;18,8;0:03.890;;43,8;0:04.440;
50;0:06.930;;56,2;0:07.000;;21,4;0:03.920;;56,2;0:04.530;
69,2;0:07.020;;71,4;0:07.100;;21,4;0:03.950;;41,2;0:04.600;
69,2;0:07.110;;57,1;0:07.180;;21,4;0:03.980;;47,1;0:04.680;
57,1;0:07.190;;60;0:07.270;;35,7;0:04.030;;47,4;0:04.770;
53,8;0:07.260;;47,1;0:07.350;;21,4;0:04.060;;47,1;0:04.850;
57,1;0:07.340;;50;0:07.430;;28,6;0:04.100;;50;0:04.930;
60;0:07.430;;50;0:07.500;;35,3;0:04.160;;56,2;0:05.020;
69,2;0:07.520;;84,6;0:07.610;;57,1;0:04.240;;43,8;0:05.090;
64,3;0:07.610;;60;0:07.700;;50;0:04.310;;52,9;0:05.180;
69,2;0:07.700;;43,8;0:07.770;;46,7;0:04.380;;47,1;0:05.260;
46,7;0:07.770;;64,3;0:07.860;;40;0:04.440;;42,1;0:05.340;
53,8;0:07.840;;40;0:07.920;;46,2;0:04.500;;46,7;0:05.410;
46,2;0:07.900;;43,8;0:07.990;;53,3;0:04.580;;43,8;0:05.480;
71,4;0:08.000;;78,6;0:08.100;;50;0:04.650;;53,3;0:05.560;
42,9;0:08.060;;50;0:08.180;;47,1;0:04.730;;52,9;0:05.650;
53,3;0:08.140;;68,8;0:08.290;;60;0:04.820;;52,9;0:05.740;
60;0:08.230;;58,8;0:08.390;;35,3;0:04.880;;50;0:05.830;
50;0:08.310;;43,8;0:08.460;;66,7;0:04.980;;50;0:05.910;
61,5;0:08.390;;76,9;0:08.560;;50;0:05.060;;52,9;0:06.000;
50;0:08.460;;47,1;0:08.640;;50;0:05.130;;47,1;0:06.080;
61,5;0:08.540;;50;0:08.710;;56,2;0:05.220;;62,5;0:06.180;
42,9;0:08.600;;76,9;0:08.810;;40;0:05.280;;55,6;0:06.280;
53,8;0:08.670;;56,2;0:08.900;;53,3;0:05.360;;52,9;0:06.370;
69,2;0:08.760;;53,3;0:08.980;;50;0:05.430;;62,5;0:06.470;
53,3;0:08.840;;64,3;0:09.070;;46,7;0:05.500;;62,5;0:06.570;
50;0:08.910;;66,7;0:09.170;;57,1;0:05.580;;50;0:06.650;
46,7;0:08.980;;50;0:09.250;;43,8;0:05.650;;50;0:06.730;
78,6;0:09.090;;78,6;0:09.360;;50;0:05.720;;56,2;0:06.820;
61,5;0:09.170;;35,3;0:09.420;;60;0:05.810;;53,3;0:06.900;
50;0:09.250;;71,4;0:09.520;;52,9;0:05.900;;50;0:06.990;
53,8;0:09.320;;60;0:09.610;;43,8;0:05.970;;62,5;0:07.090;
71,4;0:09.420;;60;0:09.700;;46,7;0:06.040;;62,5;0:07.190;
57,1;0:09.500;;50;0:09.780;;53,3;0:06.120;;37,5;0:07.250;
53,8;0:09.570;;57,1;0:09.860;;35,3;0:06.180;;58,8;0:07.350;
61,5;0:09.650;;46,7;0:09.930;;64,3;0:06.270;;52,9;0:07.440;
53,8;0:09.720;;43,8;0:10.000;;42,9;0:06.330;;56,2;0:07.530;
69,2;0:09.810;;66,7;0:10.100;;53,3;0:06.410;;60;0:07.620;
53,3;0:09.890;;57,1;0:10.180;;53,3;0:06.490;;64,7;0:07.730;
53,3;0:09.970;;57,1;0:10.260;;40;0:06.550;;50;0:07.820;
53,8;0:10.040;;47,1;0:10.340;;46,7;0:06.620;;58,8;0:07.920;
53,8;0:10.110;;57,1;0:10.420;;46,7;0:06.690;;47,1;0:08.000;
53,3;0:10.190;;53,3;0:10.500;;40;0:06.750;;40;0:08.060;
57,1;0:10.270;;43,8;0:10.570;;57,1;0:06.830;;62,5;0:08.160;
50;0:10.340;;58,8;0:10.670;;40;0:06.890;;50;0:08.250;
50;0:10.420;;58,8;0:10.770;;40;0:06.950;;52,9;0:08.340;
53,8;0:10.490;;56,2;0:10.860;;46,7;0:07.020;;46,7;0:08.410;
61,5;0:10.570;;60;0:10.950;;46,7;0:07.090;;62,5;0:08.510;
42,9;0:10.630;;43,8;0:11.020;;50;0:07.170;;47,4;0:08.600;
57,1;0:10.710;;60;0:11.110;;60;0:07.260;;50;0:08.680;
38,5;0:10.760;;60;0:11.200;;40;0:07.320;;64,3;0:08.770;
61,5;0:10.840;;42,9;0:11.260;;66,7;0:07.420;;56,2;0:08.860;
64,3;0:10.930;;57,1;0:11.340;;60;0:07.510;;50;0:08.940;
76,9;0:11.030;;60;0:11.430;;50;0:07.580;;50;0:09.020;
71,4;0:11.130;;53,3;0:11.510;;40;0:07.640;;46,7;0:09.090;
50;0:11.200;;53,3;0:11.590;;46,7;0:07.710;;62,5;0:09.190;
69,2;0:11.290;;46,7;0:11.660;;53,3;0:07.790;;55,6;0:09.290;
61,5;0:11.370;;64,3;0:11.750;;50;0:07.860;;35,3;0:09.350;
61,5;0:11.450;;57,1;0:11.830;;60;0:07.950;;68,8;0:09.460;
76,9;0:11.550;;56,2;0:11.920;;40;0:08.010;;68,8;0:09.570;
53,8;0:11.620;;52,9;0:12.010;;57,1;0:08.090;;50;0:09.650;
42,9;0:11.680;;50;0:12.090;;50;0:08.170;;47,1;0:09.730;
61,5;0:11.760;;53,3;0:12.170;;43,8;0:08.240;;50;0:09.820;
69,2;0:11.850;;62,5;0:12.270;;50;0:08.320;;46,7;0:09.890;
57,1;0:11.930;;60;0:12.360;;40;0:08.380;;50;0:09.970;
64,3;0:12.020;;50;0:12.450;;46,7;0:08.450;;62,5;0:10.070;
64,3;0:12.110;;46,7;0:12.520;;50;0:08.520;;53,3;0:10.150;
61,5;0:12.190;;62,5;0:12.620;;50;0:08.600;;52,9;0:10.240;
50;0:12.260;;60;0:12.710;;57,1;0:08.680;;46,7;0:10.310;
57,1;0:12.340;;56,2;0:12.800;;56,2;0:08.770;;50;0:10.390;
53,3;0:12.420;;60;0:12.890;;42,9;0:08.830;;66,7;0:10.490;
62,5;0:12.520;;53,3;0:12.970;;50;0:08.900;;68,8;0:10.600;
57,1;0:12.600;;53,3;0:13.050;;52,6;0:09.000;;43,8;0:10.670;
53,3;0:12.680;;69,2;0:13.140;;52,9;0:09.090;;62,5;0:10.770;
28,6;0:12.720;;50;0:13.220;;43,8;0:09.160;;52,9;0:10.860;
69,2;0:12.810;;57,1;0:13.300;;57,1;0:09.240;;56,2;0:10.950;
64,3;0:12.900;;46,7;0:13.370;;35,7;0:09.290;;50;0:11.030;
50;0:12.970;;60;0:13.460;;50;0:09.360;;41,2;0:11.100;
61,5;0:13.050;;50;0:13.530;;40;0:09.420;;53,3;0:11.180;
57,1;0:13.130;;66,7;0:13.630;;64,3;0:09.510;;58,8;0:11.280;
61,5;0:13.210;;66,7;0:13.730;;37,5;0:09.570;;38,9;0:11.350;
71,4;0:13.310;;50;0:13.810;;64,3;0:09.660;;50;0:11.430;
78,6;0:13.420;;57,1;0:13.890;;41,2;0:09.730;;41,2;0:11.500;
46,7;0:13.490;;53,3;0:13.970;;57,1;0:09.810;;62,5;0:11.600;
57,1;0:13.570;;56,2;0:14.060;;43,8;0:09.880;;43,8;0:11.670;
71,4;0:13.670;;71,4;0:14.160;;46,7;0:09.950;;52,9;0:11.760;
57,1;0:13.750;;58,8;0:14.260;;33,3;0:10.000;;58,8;0:11.860;
66,7;0:13.850;;50;0:14.340;;53,8;0:10.070;;47,1;0:11.940;
50;0:13.920;;66,7;0:14.440;;53,3;0:10.150;;50;0:12.020;
53,3;0:14.000;;66,7;0:14.540;;71,4;0:10.250;;61,1;0:12.130;
66,7;0:14.100;;50;0:14.610;;41,2;0:10.320;;56,2;0:12.220;
60;0:14.190;;53,3;0:14.690;;50;0:10.390;;55,6;0:12.320;
71,4;0:14.290;;60;0:14.780;;46,7;0:10.460;;52,9;0:12.410;
64,3;0:14.380;;50;0:14.860;;53,3;0:10.540;;60;0:12.500;
53,8;0:14.450;;53,3;0:14.940;;53,3;0:10.620;;66,7;0:12.600;
69,2;0:14.540;;46,7;0:15.010;;53,3;0:10.700;;47,1;0:12.680;
69,2;0:14.630;;68,8;0:15.120;;78,6;0:10.810;;56,2;0:12.770;
69,2;0:14.720;;68,8;0:15.230;;50;0:10.900;;52,9;0:12.860;
53,8;0:14.790;;53,3;0:15.310;;37,5;0:10.960;;53,3;0:12.940;
61,5;0:14.870;;64,3;0:15.400;;53,3;0:11.040;;52,9;0:13.030;
61,5;0:14.950;;46,7;0:15.470;;57,1;0:11.120;;53,3;0:13.110;
42,9;0:15.010;;60;0:15.560;;56,2;0:11.210;;44,4;0:13.190;
61,5;0:15.090;;46,7;0:15.630;;41,2;0:11.280;;58,8;0:13.290;
69,2;0:15.180;;55,6;0:15.730;;53,3;0:11.360;;38,9;0:13.360;
46,7;0:15.250;;57,1;0:15.810;;46,7;0:11.430;;53,3;0:13.440;
71,4;0:15.350;;71,4;0:15.910;;64,3;0:11.520;;62,5;0:13.540;
53,8;0:15.420;;50;0:15.990;;47,1;0:11.600;;55,6;0:13.640;
50;0:15.490;;66,7;0:16.090;;56,2;0:11.690;;52,9;0:13.730;
76,9;0:15.590;;62,5;0:16.190;;56,2;0:11.780;;47,1;0:13.810;
57,1;0:15.670;;60;0:16.280;;50;0:11.850;;75;0:13.930;
61,5;0:15.750;;50;0:16.360;;57,1;0:11.930;;44,4;0:14.010;
50;0:15.820;;60;0:16.450;;37,5;0:11.990;;73,3;0:14.120;
61,5;0:15.900;;52,9;0:16.540;;64,3;0:12.080;;47,4;0:14.210;
53,8;0:15.970;;57,1;0:16.620;;46,7;0:12.150;;41,2;0:14.280;
6,7;0:15.980;;60;0:16.710;;50;0:12.220;;53,3;0:14.360;
33,3;0:16.030;;50;0:16.790;;42,9;0:12.280;;62,5;0:14.460;
44,4;0:16.110;;53,3;0:16.870;;57,1;0:12.360;;66,7;0:14.560;
53,8;0:16.180;;60;0:16.960;;57,1;0:12.440;;58,8;0:14.660;
84,6;0:16.290;;62,5;0:17.060;;50;0:12.510;;52,9;0:14.750;
46,7;0:16.360;;70,6;0:17.180;;62,5;0:12.610;;44,4;0:14.830;
66,7;0:16.460;;50;0:17.270;;50;0:12.700;;64,7;0:14.940;
53,3;0:16.540;;58,8;0:17.370;;60;0:12.790;;58,8;0:15.040;
60;0:16.630;;46,7;0:17.440;;75;0:12.910;;56,2;0:15.130;
53,3;0:16.710;;64,3;0:17.530;;43,8;0:12.980;;52,9;0:15.220;
60;0:16.800;;60;0:17.620;;53,3;0:13.060;;41,2;0:15.290;
78,6;0:16.910;;66,7;0:17.720;;43,8;0:13.130;;60;0:15.380;
53,3;0:16.990;;53,3;0:17.800;;57,1;0:13.210;;56,2;0:15.470;
76,9;0:17.090;;61,5;0:17.880;;64,3;0:13.300;;66,7;0:15.570;
78,6;0:17.200;;41,2;0:17.950;;47,1;0:13.380;;52,9;0:15.660;
56,2;0:17.290;;64,3;0:18.040;;57,1;0:13.460;;62,5;0:15.760;
53,3;0:17.370;;73,3;0:18.150;;40;0:13.520;;62,5;0:15.860;
66,7;0:17.470;;58,8;0:18.250;;60;0:13.610;;40;0:15.920;
60;0:17.560;;62,5;0:18.350;;46,7;0:13.680;;52,9;0:16.010;
40;0:17.620;;57,1;0:18.430;;60;0:13.770;;52,9;0:16.100;
57,1;0:17.700;;64,3;0:18.520;;53,3;0:13.850;;47,1;0:16.180;
69,2;0:17.790;;43,8;0:18.590;;57,1;0:13.930;;56,2;0:16.270;
53,8;0:17.860;;57,1;0:18.670;;50;0:14.000;;42,1;0:16.350;
46,2;0:17.920;;66,7;0:18.770;;53,3;0:14.080;;73,3;0:16.460;
57,1;0:18.000;;57,1;0:18.850;;57,1;0:14.160;;57,9;0:16.570;
57,1;0:18.080;;53,3;0:18.930;;50;0:14.230;;52,9;0:16.660;
53,8;0:18.150;;43,8;0:19.000;;40;0:14.290;;62,5;0:16.760;
69,2;0:18.240;;60;0:19.090;;42,9;0:14.350;;52,9;0:16.850;
50;0:18.310;;53,3;0:19.170;;64,3;0:14.440;;56,2;0:16.940;
61,5;0:18.390;;78,6;0:19.280;;66,7;0:14.540;;52,9;0:17.030;
60;0:18.480;;53,3;0:19.360;;50;0:14.620;;70,6;0:17.150;
60;0:18.570;;46,7;0:19.430;;66,7;0:14.720;;55,6;0:17.250;
60;0:18.660;;60;0:19.520;;53,3;0:14.800;;50;0:17.330;
46,7;0:18.730;;62,5;0:19.620;;40;0:14.860;;47,1;0:17.410;
57,1;0:18.810;;50;0:19.700;;50;0:14.930;;50;0:17.490;
78,6;0:18.920;;66,7;0:19.800;;53,3;0:15.010;;52,9;0:17.580;
60;0:19.010;;68,8;0:19.910;;46,7;0:15.080;;66,7;0:17.700;
50;0:19.090;;50;0:19.990;;50;0:15.150;;38,9;0:17.770;
84,6;0:19.200;;64,3;0:20.080;;64,3;0:15.240;;58,8;0:17.870;
53,8;0:19.270;;76,9;0:20.180;;60;0:15.330;;50;0:17.960;
53,8;0:19.340;;52,9;0:20.270;;43,8;0:15.400;;60;0:18.050;
64,3;0:19.430;;52,9;0:20.360;;64,3;0:15.490;;60;0:18.140;
61,5;0:19.510;;50;0:20.440;;40;0:15.550;;68,8;0:18.250;
61,5;0:19.590;;60;0:20.530;;53,3;0:15.630;;50;0:18.340;
64,3;0:19.680;;35,7;0:20.580;;64,3;0:15.720;;62,5;0:18.440;
64,3;0:19.770;;57,1;0:20.660;;44,4;0:15.800;;56,2;0:18.530;
53,8;0:19.840;;64,3;0:20.750;;46,7;0:15.870;;61,1;0:18.640;
60;0:19.930;;40;0:20.810;;57,1;0:15.950;;50;0:18.720;
69,2;0:20.020;;64,3;0:20.900;;53,3;0:16.030;;64,7;0:18.830;
64,3;0:20.110;;50;0:20.980;;60;0:16.120;;44,4;0:18.910;
50;0:20.180;;64,3;0:21.070;;60;0:16.210;;58,8;0:19.010;
61,5;0:20.260;;46,7;0:21.140;;47,1;0:16.290;;53,3;0:19.090;
71,4;0:20.360;;69,2;0:21.230;;50;0:16.360;;56,2;0:19.180;
64,3;0:20.450;;68,8;0:21.340;;46,7;0:16.430;;56,2;0:19.270;
66,7;0:20.530;;43,8;0:21.410;;40;0:16.490;;50;0:19.350;
53,3;0:20.610;;50;0:21.480;;57,1;0:16.570;;62,5;0:19.450;
69,2;0:20.700;;60;0:21.570;;50;0:16.640;;56,2;0:19.540;
53,3;0:20.780;;57,1;0:21.650;;57,1;0:16.720;;56,2;0:19.630;
69,2;0:20.870;;71,4;0:21.750;;46,2;0:16.780;;60;0:19.720;
61,5;0:20.950;;57,1;0:21.830;;50;0:16.860;;41,2;0:19.790;
61,5;0:21.030;;46,7;0:21.900;;42,9;0:16.920;;50;0:19.870;
61,5;0:21.110;;66,7;0:22.000;;53,3;0:17.000;;68,8;0:19.980;
64,3;0:21.200;;50;0:22.080;;33,3;0:17.050;;56,2;0:20.070;
76,9;0:21.300;;53,3;0:22.160;;64,3;0:17.140;;75;0:20.190;
57,1;0:21.380;;61,5;0:22.240;;43,8;0:17.210;;33,3;0:20.250;
69,2;0:21.470;;64,3;0:22.330;;46,7;0:17.280;;62,5;0:20.350;
69,2;0:21.560;;52,9;0:22.420;;71,4;0:17.380;;43,8;0:20.420;
53,8;0:21.630;;66,7;0:22.520;;53,3;0:17.460;;53,3;0:20.500;
71,4;0:21.730;;57,1;0:22.600;;66,7;0:17.560;;56,2;0:20.590;
50;0:21.800;;56,2;0:22.690;;37,5;0:17.620;;64,7;0:20.700;
61,5;0:21.880;;53,3;0:22.770;;53,3;0:17.700;;50;0:20.790;
69,2;0:21.970;;73,3;0:22.880;;60;0:17.790;;62,5;0:20.890;
46,7;0:22.040;;47,1;0:22.960;;46,7;0:17.860;;56,2;0:20.980;
53,8;0:22.110;;60;0:23.050;;64,3;0:17.950;;58,8;0:21.080;
53,3;0:22.190;;61,5;0:23.130;;46,7;0:18.020;;47,1;0:21.160;
53,3;0:22.270;;66,7;0:23.230;;53,3;0:18.100;;62,5;0:21.260;
85,7;0:22.390;;53,3;0:23.310;;53,3;0:18.180;;53,3;0:21.340;
56,2;0:22.480;;66,7;0:23.410;;60;0:18.270;;52,9;0:21.430;
57,1;0:22.560;;62,5;0:23.510;;42,9;0:18.330;;56,2;0:21.520;
66,7;0:22.660;;64,3;0:23.600;;57,1;0:18.410;;62,5;0:21.620;
46,7;0:22.730;;50;0:23.680;;57,1;0:18.490;;52,9;0:21.710;
61,5;0:22.810;;50;0:23.750;;50;0:18.570;;58,8;0:21.810;
69,2;0:22.900;;64,3;0:23.840;;60;0:18.660;;50;0:21.890;
76,9;0:23.000;;73,3;0:23.950;;50;0:18.730;;53,3;0:21.970;
42,9;0:23.060;;60;0:24.040;;56,2;0:18.820;;62,5;0:22.070;
69,2;0:23.150;;66,7;0:24.140;;60;0:18.910;;43,8;0:22.140;
69,2;0:23.240;;56,2;0:24.230;;60;0:19.000;;38,9;0:22.210;
53,8;0:23.310;;46,7;0:24.300;;66,7;0:19.100;;60;0:22.300;
35,7;0:23.360;;78,6;0:24.410;;46,7;0:19.170;;53,3;0:22.380;
61,5;0:23.440;;38,9;0:24.480;;56,2;0:19.260;;50;0:22.460;
64,3;0:23.530;;64,3;0:24.570;;50;0:19.340;;64,7;0:22.570;
69,2;0:23.620;;53,3;0:24.650;;43,8;0:19.410;;62,5;0:22.670;
69,2;0:23.710;;71,4;0:24.750;;50;0:19.490;;58,8;0:22.770;
64,3;0:23.800;;56,2;0:24.840;;66,7;0:19.590;;61,1;0:22.880;
76,9;0:23.900;;53,3;0:24.920;;50;0:19.670;;62,5;0:22.980;
69,2;0:23.990;;57,1;0:25.000;;64,3;0:19.760;;52,9;0:23.070;
42,9;0:24.050;;60;0:25.090;;46,7;0:19.830;;50;0:23.150;
57,1;0:24.130;;64,3;0:25.180;;42,9;0:19.890;;50;0:23.240;
69,2;0:24.220;;53,3;0:25.260;;64,3;0:19.980;;62,5;0:23.340;
66,7;0:24.300;;57,1;0:25.340;;50;0:20.060;;52,6;0:23.440;
57,1;0:24.380;;53,3;0:25.420;;50;0:20.130;;56,2;0:23.530;
69,2;0:24.470;;62,5;0:25.520;;53,3;0:20.210;;52,9;0:23.620;
57,1;0:24.550;;53,3;0:25.600;;62,5;0:20.310;;46,7;0:23.690;
60;0:24.640;;50;0:25.670;;71,4;0:20.410;;62,5;0:23.790;
46,2;0:24.700;;53,3;0:25.750;;53,3;0:20.490;;55,6;0:23.890;
71,4;0:24.800;;66,7;0:25.850;;50;0:20.570;;47,1;0:23.970;
69,2;0:24.890;;43,8;0:25.920;;46,7;0:20.640;;53,3;0:24.050;
57,1;0:24.970;;64,3;0:26.010;;60;0:20.730;;66,7;0:24.150;
42,9;0:25.030;;53,3;0:26.090;;56,2;0:20.820;;58,8;0:24.250;
64,3;0:25.120;;56,2;0:26.180;;46,7;0:20.890;;41,2;0:24.320;
61,5;0:25.200;;50;0:26.250;;57,1;0:20.970;;62,5;0:24.420;
71,4;0:25.300;;66,7;0:26.350;;50;0:21.050;;50;0:24.500;
73,3;0:25.410;;43,8;0:26.420;;57,1;0:21.130;;60;0:24.590;
56,2;0:25.500;;64,3;0:26.510;;41,2;0:21.200;;56,2;0:24.680;
71,4;0:25.600;;78,6;0:26.620;;53,3;0:21.280;;50;0:24.770;
53,3;0:25.680;;31,6;0:26.680;;56,2;0:21.370;;56,2;0:24.860;
46,2;0:25.740;;60;0:26.770;;57,1;0:21.450;;50;0:24.950;
61,5;0:25.820;;80;0:26.890;;62,5;0:21.550;;56,2;0:25.040;
57,1;0:25.900;;53,3;0:26.970;;56,2;0:21.640;;33,3;0:25.100;
64,3;0:25.990;;66,7;0:27.070;;50;0:21.730;;60;0:25.190;
40;0:26.050;;56,2;0:27.160;;46,7;0:21.800;;58,8;0:25.290;
71,4;0:26.150;;64,3;0:27.250;;50;0:21.880;;58,8;0:25.390;
64,3;0:26.240;;50;0:27.330;;57,1;0:21.960;;64,7;0:25.500;
60;0:26.330;;53,3;0:27.410;;43,8;0:22.030;;33,3;0:25.560;
76,9;0:26.430;;53,3;0:27.490;;71,4;0:22.130;;53,3;0:25.640;
46,7;0:26.500;;57,1;0:27.570;;50;0:22.210;;68,8;0:25.750;
50;0:26.570;;42,9;0:27.630;;46,7;0:22.280;;62,5;0:25.850;
61,5;0:26.650;;64,3;0:27.720;;57,1;0:22.360;;58,8;0:25.950;
61,5;0:26.730;;60;0:27.810;;64,3;0:22.450;;60;0:26.040;
85,7;0:26.850;;56,2;0:27.900;;53,3;0:22.530;;64,7;0:26.150;
50;0:26.930;;50;0:27.980;;71,4;0:22.630;;52,9;0:26.240;
71,4;0:27.030;;66,7;0:28.080;;41,2;0:22.700;;56,2;0:26.330;
60;0:27.120;;53,3;0:28.160;;46,7;0:22.770;;56,2;0:26.420;
46,2;0:27.180;;60;0:28.250;;69,2;0:22.860;;52,9;0:26.510;
69,2;0:27.270;;56,2;0:28.340;;56,2;0:22.950;;55,6;0:26.610;
46,2;0:27.330;;60;0:28.430;;66,7;0:23.050;;41,2;0:26.680;
64,3;0:27.420;;64,3;0:28.520;;60;0:23.140;;53,3;0:26.760;
69,2;0:27.510;;60;0:28.610;;52,9;0:23.230;;43,8;0:26.830;
57,1;0:27.590;;46,7;0:28.680;;60;0:23.320;;62,5;0:26.930;
57,1;0:27.670;;62,5;0:28.780;;60;0:23.410;;52,9;0:27.020;
69,2;0:27.760;;66,7;0:28.880;;57,1;0:23.490;;52,9;0:27.110;
57,1;0:27.840;;66,7;0:28.980;;53,3;0:23.570;;62,5;0:27.210;
53,3;0:27.920;;60;0:29.070;;57,1;0:23.650;;31,6;0:27.270;
60;0:28.010;;53,3;0:29.150;;53,3;0:23.730;;46,7;0:27.340;
62,5;0:28.110;;64,3;0:29.240;;53,3;0:23.810;;56,2;0:27.430;
60;0:28.200;;60;0:29.330;;78,6;0:23.920;;52,9;0:27.520;
78,6;0:28.310;;46,7;0:29.400;;37,5;0:23.980;;52,9;0:27.610;
78,6;0:28.420;;71,4;0:29.500;;71,4;0:24.080;;46,7;0:27.680;
53,3;0:28.500;;64,3;0:29.590;;62,5;0:24.180;;73,3;0:27.790;
60;0:28.590;;56,2;0:29.680;;50;0:24.250;;41,2;0:27.860;
64,3;0:28.680;;57,1;0:29.760;;57,1;0:24.330;;58,8;0:27.960;
69,2;0:28.770;;66,7;0:29.860;;50;0:24.400;;56,2;0:28.050;
60;0:28.860;;66,7;0:29.960;;66,7;0:24.500;;47,1;0:28.130;
53,3;0:28.940;;41,2;0:30.030;;57,1;0:24.580;;75;0:28.250;
71,4;0:29.040;;71,4;0:30.130;;64,3;0:24.670;;55,6;0:28.350;
53,3;0:29.120;;53,3;0:30.210;;53,3;0:24.750;;47,1;0:28.430;
71,4;0:29.220;;57,1;0:30.290;;64,3;0:24.840;;62,5;0:28.530;
60;0:29.310;;60;0:30.380;;73,3;0:24.950;;52,9;0:28.620;
60;0:29.400;;46,7;0:30.450;;41,2;0:25.020;;50;0:28.700;
61,5;0:29.480;;73,3;0:30.560;;46,7;0:25.090;;46,7;0:28.770;
69,2;0:29.570;;52,9;0:30.650;;60;0:25.180;;62,5;0:28.870;
57,1;0:29.650;;56,2;0:30.740;;53,3;0:25.260;;47,1;0:28.950;
58,3;0:29.720;;43,8;0:30.810;;57,1;0:25.340;;53,3;0:29.030;
71,4;0:29.820;;57,1;0:30.890;;60;0:25.430;;35,3;0:29.090;
61,5;0:29.900;;50;0:30.970;;53,3;0:25.510;;66,7;0:29.190;
53,8;0:29.970;;85,7;0:31.090;;64,3;0:25.600;;50;0:29.280;
53,8;0:30.040;;56,2;0:31.180;;57,1;0:25.680;;53,3;0:29.360;
66,7;0:30.120;;62,5;0:31.280;;46,7;0:25.750;;50;0:29.440;
69,2;0:30.210;;73,3;0:31.390;;60;0:25.840;;73,3;0:29.550;
69,2;0:30.300;;66,7;0:31.490;;46,7;0:25.910;;61,1;0:29.660;
61,5;0:30.380;;60;0:31.580;;53,3;0:25.990;;58,8;0:29.760;
69,2;0:30.470;;62,5;0:31.680;;50;0:26.060;;40;0:29.820;
64,3;0:30.560;;43,8;0:31.750;;43,8;0:26.130;;62,5;0:29.920;
57,1;0:30.640;;57,1;0:31.830;;66,7;0:26.230;;75;0:30.040;
53,8;0:30.710;;53,3;0:31.910;;37,5;0:26.290;;57,9;0:30.150;
53,8;0:30.780;;64,3;0:32.000;;62,5;0:26.390;;68,8;0:30.260;
53,8;0:30.850;;56,2;0:32.090;;47,1;0:26.470;;52,9;0:30.350;
69,2;0:30.940;;62,5;0:32.190;;64,3;0:26.560;;41,2;0:30.420;
53,3;0:31.020;;50;0:32.260;;37,5;0:26.620;;50;0:30.500;
91,7;0:31.130;;73,3;0:32.370;;64,3;0:26.710;;62,5;0:30.600;
53,8;0:31.200;;56,2;0:32.460;;60;0:26.800;;41,2;0:30.670;
71,4;0:31.300;;50;0:32.530;;42,9;0:26.860;;62,5;0:30.770;
61,5;0:31.380;;35,7;0:32.580;;57,1;0:26.940;;43,8;0:30.840;
66,7;0:31.460;;71,4;0:32.680;;43,8;0:27.010;;43,8;0:30.910;
71,4;0:31.560;;50;0:32.760;;53,8;0:27.080;;60;0:31.000;
50;0:31.630;;52,9;0:32.850;;50;0:27.160;;52,9;0:31.090;
50;0:31.700;;60;0:32.940;;66,7;0:27.260;;50;0:31.170;
69,2;0:31.790;;66,7;0:33.040;;57,1;0:27.340;;56,2;0:31.260;
57,1;0:31.870;;53,3;0:33.120;;56,2;0:27.430;;71,4;0:31.360;
64,3;0:31.960;;64,3;0:33.210;;57,1;0:27.510;;58,8;0:31.460;
60;0:32.050;;60;0:33.300;;50;0:27.580;;62,5;0:31.560;
57,1;0:32.130;;46,7;0:33.370;;60;0:27.670;;52,9;0:31.650;
57,1;0:32.210;;71,4;0:33.470;;60;0:27.760;;52,9;0:31.740;
50;0:32.280;;50;0:33.550;;71,4;0:27.860;;47,1;0:31.820;
61,5;0:32.360;;46,7;0:33.620;;50;0:27.940;;50;0:31.900;
69,2;0:32.450;;62,5;0:33.720;;71,4;0:28.040;;68,8;0:32.010;
64,3;0:32.540;;46,7;0:33.790;;56,2;0:28.130;;58,8;0:32.110;
57,1;0:32.620;;60;0:33.880;;56,2;0:28.220;;56,2;0:32.200;
57,1;0:32.700;;64,3;0:33.970;;57,1;0:28.300;;62,5;0:32.300;
71,4;0:32.800;;68,8;0:34.080;;71,4;0:28.400;;56,2;0:32.390;
50;0:32.870;;52,9;0:34.170;;46,7;0:28.470;;50;0:32.470;
57,1;0:32.950;;64,3;0:34.260;;73,3;0:28.580;;60;0:32.560;
64,3;0:33.040;;57,1;0:34.340;;46,7;0:28.650;;53,3;0:32.640;
69,2;0:33.130;;60;0:34.430;;60;0:28.740;;62,5;0:32.740;
46,2;0:33.190;;60;0:34.520;;50;0:28.810;;43,8;0:32.810;
57,1;0:33.270;;60;0:34.610;;71,4;0:28.910;;62,5;0:32.910;
46,2;0:33.330;;56,2;0:34.700;;60;0:29.000;;46,7;0:32.980;
69,2;0:33.420;;50;0:34.780;;53,3;0:29.080;;50;0:33.060;
50;0:33.500;;50;0:34.850;;31,2;0:29.130;;62,5;0:33.160;
73,3;0:33.610;;71,4;0:34.950;;57,1;0:29.210;;62,5;0:33.260;
46,7;0:33.680;;71,4;0:35.050;;46,7;0:29.280;;50;0:33.350;
84,6;0:33.790;;75;0:35.170;;60;0:29.370;;56,2;0:33.440;
66,7;0:33.890;;35,3;0:35.230;;53,3;0:29.450;;66,7;0:33.540;
57,1;0:33.970;;57,1;0:35.310;;37,5;0:29.510;;62,5;0:33.640;
46,7;0:34.040;;73,3;0:35.420;;66,7;0:29.610;;44,4;0:33.720;
71,4;0:34.140;;50;0:35.500;;71,4;0:29.710;;50;0:33.810;
57,1;0:34.220;;53,3;0:35.580;;60;0:29.800;;46,7;0:33.880;
61,5;0:34.300;;50;0:35.650;;57,1;0:29.880;;53,3;0:33.960;
53,8;0:34.370;;57,1;0:35.730;;43,8;0:29.950;;58,8;0:34.060;
46,2;0:34.430;;46,7;0:35.800;;64,3;0:30.040;;41,2;0:34.130;
84,6;0:34.540;;50;0:35.880;;46,7;0:30.110;;64,3;0:34.220;
50;0:34.600;;78,6;0:35.990;;64,3;0:30.200;;56,2;0:34.310;
50;0:34.670;;53,3;0:36.070;;60;0:30.290;;53,3;0:34.390;
61,5;0:34.750;;56,2;0:36.160;;43,8;0:30.360;;56,2;0:34.480;
57,1;0:34.830;;62,5;0:36.260;;62,5;0:30.460;;52,9;0:34.570;
53,3;0:34.910;;53,3;0:36.340;;40;0:30.520;;44,4;0:34.650;
69,2;0:35.000;;53,3;0:36.420;;46,7;0:30.590;;62,5;0:34.750;
69,2;0:35.090;;66,7;0:36.520;;75;0:30.710;;38,9;0:34.820;
53,8;0:35.160;;60;0:36.610;;37,5;0:30.770;;37,5;0:34.880;
46,7;0:35.230;;66,7;0:36.710;;66,7;0:30.870;;33,3;0:34.930;
61,5;0:35.310;;50;0:36.790;;56,2;0:30.960;;73,3;0:35.040;
42,9;0:35.370;;50;0:36.860;;56,2;0:31.050;;62,5;0:35.140;
61,5;0:35.450;;64,3;0:36.950;;60;0:31.140;;52,9;0:35.230;
58,3;0:35.520;;73,3;0:37.060;;53,3;0:31.220;;31,2;0:35.280;
69,2;0:35.610;;64,3;0:37.150;;66,7;0:31.320;;50;0:35.360;
66,7;0:35.710;;56,2;0:37.240;;50;0:31.400;;66,7;0:35.460;
56,2;0:35.800;;60;0:37.330;;66,7;0:31.500;;64,7;0:35.570;
60;0:35.890;;60;0:37.420;;43,8;0:31.570;;50;0:35.650;
61,5;0:35.970;;50;0:37.490;;64,3;0:31.660;;43,8;0:35.720;
50;0:36.040;;66,7;0:37.590;;61,5;0:31.740;;35,3;0:35.780;
61,5;0:36.120;;46,7;0:37.660;;60;0:31.830;;53,3;0:35.860;
53,8;0:36.190;;35,7;0:37.710;;71,4;0:31.930;;58,8;0:35.960;
56,2;0:36.280;;84,6;0:37.820;;64,3;0:32.020;;50;0:36.040;
76,9;0:36.380;;58,8;0:37.920;;40;0:32.080;;76,5;0:36.170;
64,3;0:36.470;;60;0:38.010;;64,3;0:32.170;;44,4;0:36.250;
71,4;0:36.570;;50;0:38.090;;46,7;0:32.240;;50;0:36.330;
68,8;0:36.680;;57,1;0:38.170;;64,3;0:32.330;;53,3;0:36.410;
40;0:36.740;;60;0:38.260;;57,1;0:32.410;;52,9;0:36.500;
64,3;0:36.830;;64,3;0:38.350;;37,5;0:32.470;;66,7;0:36.600;
42,9;0:36.890;;50;0:38.430;;57,1;0:32.550;;68,8;0:36.710;
53,8;0:36.960;;57,1;0:38.510;;50;0:32.620;;44,4;0:36.790;
58,3;0:37.030;;60;0:38.600;;53,8;0:32.690;;43,8;0:36.860;
61,5;0:37.110;;64,3;0:38.690;;53,3;0:32.770;;56,2;0:36.950;
69,2;0:37.200;;60;0:38.780;;73,3;0:32.880;;62,5;0:37.050;
50;0:37.270;;62,5;0:38.880;;56,2;0:32.970;;44,4;0:37.130;
53,8;0:37.340;;66,7;0:38.980;;60;0:33.060;;56,2;0:37.220;
46,2;0:37.400;;43,8;0:39.050;;56,2;0:33.150;;56,2;0:37.310;
69,2;0:37.490;;71,4;0:39.150;;66,7;0:33.250;;62,5;0:37.410;
50;0:37.560;;84,6;0:39.260;;53,3;0:33.330;;56,2;0:37.500;
50;0:37.630;;53,3;0:39.340;;60;0:33.420;;52,9;0:37.590;
60;0:37.720;;66,7;0:39.440;;33,3;0:33.470;;62,5;0:37.690;
61,5;0:37.800;;64,3;0:39.530;;46,7;0:33.540;;47,4;0:37.780;
69,2;0:37.890;;40;0:39.590;;62,5;0:33.640;;60;0:37.870;
53,3;0:37.970;;71,4;0:39.690;;46,7;0:33.710;;50;0:37.960;
38,5;0:38.020;;60;0:39.780;;53,3;0:33.790;;68,8;0:38.070;
69,2;0:38.110;;64,3;0:39.870;;71,4;0:33.890;;52,9;0:38.160;
66,7;0:38.190;;47,1;0:39.950;;50;0:33.970;;52,9;0:38.250;
57,1;0:38.270;;50;0:40.020;;57,1;0:34.050;;61,1;0:38.360;
69,2;0:38.360;;60;0:40.110;;62,5;0:34.150;;66,7;0:38.460;
42,9;0:38.420;;53,3;0:40.190;;46,7;0:34.220;;62,5;0:38.560;
53,8;0:38.490;;78,6;0:40.300;;80;0:34.340;;35,3;0:38.620;
53,8;0:38.560;;52,9;0:40.390;;56,2;0:34.430;;53,3;0:38.700;
61,5;0:38.640;;60;0:40.480;;56,2;0:34.520;;56,2;0:38.790;
69,2;0:38.730;;73,3;0:40.590;;53,3;0:34.600;;66,7;0:38.890;
57,1;0:38.810;;56,2;0:40.680;;62,5;0:34.700;;61,1;0:39.000;
61,5;0:38.890;;52,9;0:40.770;;66,7;0:34.800;;56,2;0:39.090;
71,4;0:38.990;;50;0:40.850;;64,3;0:34.890;;58,8;0:39.190;
53,8;0:39.060;;50;0:40.920;;50;0:34.970;;50;0:39.270;
69,2;0:39.150;;71,4;0:41.020;;60;0:35.060;;64,7;0:39.380;
57,1;0:39.230;;50;0:41.100;;42,9;0:35.120;;43,8;0:39.450;
84,6;0:39.340;;64,3;0:41.190;;37,5;0:35.180;;56,2;0:39.540;
50;0:39.410;;62,5;0:41.290;;62,5;0:35.280;;53,3;0:39.620;
61,5;0:39.490;;53,3;0:41.370;;50;0:35.360;;64,7;0:39.730;
69,2;0:39.580;;84,6;0:41.480;;56,2;0:35.450;;47,1;0:39.810;
61,5;0:39.660;;53,3;0:41.560;;53,3;0:35.530;;52,9;0:39.900;
66,7;0:39.740;;50;0:41.630;;56,2;0:35.620;;62,5;0:40.000;
80;0:39.860;;60;0:41.720;;42,9;0:35.680;;58,8;0:40.100;
56,2;0:39.950;;73,3;0:41.830;;71,4;0:35.780;;52,9;0:40.190;
76,9;0:40.050;;56,2;0:41.920;;56,2;0:35.870;;66,7;0:40.290;
60;0:40.140;;71,4;0:42.020;;68,8;0:35.980;;68,8;0:40.400;
50;0:40.210;;47,1;0:42.100;;60;0:36.070;;44,4;0:40.480;
69,2;0:40.300;;71,4;0:42.200;;56,2;0:36.160;;50;0:40.560;
42,9;0:40.360;;60;0:42.290;;56,2;0:36.250;;64,7;0:40.670;
61,5;0:40.440;;46,7;0:42.360;;60;0:36.340;;47,1;0:40.750;
53,8;0:40.510;;60;0:42.450;;50;0:36.410;;62,5;0:40.850;
61,5;0:40.590;;78,6;0:42.560;;57,1;0:36.490;;50;0:40.940;
83,3;0:40.690;;50;0:42.640;;50;0:36.560;;37,5;0:41.000;
53,8;0:40.760;;66,7;0:42.740;;71,4;0:36.660;;66,7;0:41.100;
38,5;0:40.810;;50;0:42.820;;60;0:36.750;;56,2;0:41.190;
53,8;0:40.880;;71,4;0:42.920;;66,7;0:36.850;;43,8;0:41.260;
61,5;0:40.960;;60;0:43.010;;43,8;0:36.920;;56,2;0:41.350;
53,8;0:41.030;;57,1;0:43.090;;52,9;0:37.010;;58,8;0:41.450;
53,8;0:41.100;;53,3;0:43.170;;50;0:37.090;;50;0:41.530;
76,9;0:41.200;;60;0:43.260;;47,1;0:37.170;;62,5;0:41.630;
69,2;0:41.290;;53,3;0:43.340;;46,7;0:37.240;;62,5;0:41.730;
53,8;0:41.360;;62,5;0:43.440;;64,3;0:37.330;;60;0:41.820;
64,3;0:41.450;;60;0:43.530;;60;0:37.420;;50;0:41.900;
46,2;0:41.510;;56,2;0:43.620;;50;0:37.500;;52,9;0:41.990;
66,7;0:41.590;;64,3;0:43.710;;64,3;0:37.590;;53,3;0:42.070;
57,1;0:41.670;;71,4;0:43.810;;60;0:37.680;;58,8;0:42.170;
41,7;0:41.720;;50;0:43.890;;66,7;0:37.780;;62,5;0:42.270;
53,8;0:41.790;;53,3;0:43.970;;60;0:37.870;;47,1;0:42.350;
69,2;0:41.880;;57,1;0:44.050;;71,4;0:37.970;;64,7;0:42.460;
61,5;0:41.960;;57,1;0:44.130;;56,2;0:38.060;;56,2;0:42.550;
76,9;0:42.060;;53,3;0:44.210;;60;0:38.150;;56,2;0:42.640;
56,2;0:42.150;;60;0:44.300;;60;0:38.240;;61,1;0:42.750;
69,2;0:42.240;;71,4;0:44.400;;40;0:38.300;;62,5;0:42.850;
57,1;0:42.320;;43,8;0:44.470;;64,3;0:38.390;;41,2;0:42.920;
61,5;0:42.400;;57,1;0:44.550;;53,3;0:38.470;;66,7;0:43.020;
57,1;0:42.480;;60;0:44.640;;64,3;0:38.560;;47,1;0:43.100;
69,2;0:42.570;;71,4;0:44.740;;64,3;0:38.650;;50;0:43.180;
53,8;0:42.640;;40;0:44.800;;53,3;0:38.730;;50;0:43.270;
50;0:42.710;;46,7;0:44.870;;86,7;0:38.860;;53,3;0:43.350;
57,1;0:42.790;;60;0:44.960;;43,8;0:38.930;;66,7;0:43.450;
57,1;0:42.870;;64,3;0:45.050;;50;0:39.000;;36,8;0:43.520;
57,1;0:42.950;;60;0:45.140;;56,2;0:39.090;;37,5;0:43.580;
64,3;0:43.040;;66,7;0:45.240;;46,7;0:39.160;;68,8;0:43.690;
66,7;0:43.140;;46,7;0:45.310;;66,7;0:39.260;;47,1;0:43.770;
69,2;0:43.230;;71,4;0:45.410;;50;0:39.330;;53,3;0:43.850;
76,9;0:43.330;;60;0:45.500;;60;0:39.420;;68,8;0:43.960;
57,1;0:43.410;;60;0:45.590;;40;0:39.480;;50;0:44.040;
53,8;0:43.480;;60;0:45.680;;56,2;0:39.570;;56,2;0:44.130;
53,8;0:43.550;;53,3;0:45.760;;73,3;0:39.680;;53,3;0:44.210;
61,5;0:43.630;;53,3;0:45.840;;56,2;0:39.770;;46,7;0:44.280;
69,2;0:43.720;;50;0:45.910;;57,1;0:39.850;;53,3;0:44.360;
73,3;0:43.830;;57,1;0:45.990;;42,9;0:39.910;;56,2;0:44.450;
53,3;0:43.910;;53,3;0:46.070;;50;0:39.980;;66,7;0:44.550;
53,8;0:43.980;;46,7;0:46.140;;62,5;0:40.080;;58,8;0:44.650;
69,2;0:44.070;;50;0:46.210;;43,8;0:40.150;;41,2;0:44.720;
61,5;0:44.150;;53,3;0:46.290;;57,1;0:40.230;;71,4;0:44.820;
57,1;0:44.230;;60;0:46.380;;37,5;0:40.290;;58,8;0:44.920;
57,1;0:44.310;;60;0:46.470;;64,3;0:40.380;;47,1;0:45.000;
61,5;0:44.390;;68,8;0:46.580;;60;0:40.470;;56,2;0:45.090;
61,5;0:44.470;;27,8;0:46.630;;57,1;0:40.550;;50;0:45.170;
57,1;0:44.550;;61,5;0:46.710;;64,3;0:40.640;;60;0:45.260;
61,5;0:44.630;;42,9;0:46.770;;42,9;0:40.700;;62,5;0:45.360;
57,1;0:44.710;;53,3;0:46.850;;57,1;0:40.780;;46,7;0:45.430;
40;0:44.770;;64,3;0:46.940;;66,7;0:40.880;;60;0:45.520;
69,2;0:44.860;;62,5;0:47.040;;56,2;0:40.970;;50;0:45.600;
61,5;0:44.940;;69,2;0:47.130;;57,1;0:41.050;;58,8;0:45.700;
57,1;0:45.020;;57,1;0:47.210;;69,2;0:41.140;;62,5;0:45.800;
61,5;0:45.100;;71,4;0:47.310;;53,3;0:41.220;;56,2;0:45.890;
64,3;0:45.190;;47,1;0:47.390;;40;0:41.280;;44,4;0:45.970;
61,5;0:45.270;;66,7;0:47.490;;57,1;0:41.360;;46,7;0:46.040;
61,5;0:45.350;;53,3;0:47.570;;73,3;0:41.470;;56,2;0:46.130;
61,5;0:45.430;;57,1;0:47.650;;47,1;0:41.550;;56,2;0:46.220;
69,2;0:45.520;;64,3;0:47.740;;50;0:41.620;;62,5;0:46.320;
57,1;0:45.600;;60;0:47.830;;60;0:41.710;;52,9;0:46.410;
57,1;0:45.680;;46,7;0:47.900;;64,3;0:41.800;;47,1;0:46.490;
61,5;0:45.760;;53,3;0:47.980;;53,3;0:41.880;;75;0:46.610;
60;0:45.850;;71,4;0:48.080;;53,3;0:41.960;;47,1;0:46.690;
69,2;0:45.940;;42,9;0:48.140;;60;0:42.050;;52,9;0:46.780;
53,8;0:46.010;;46,2;0:48.200;;60;0:42.140;;31,6;0:46.840;
50;0:46.090;;60;0:48.290;;46,7;0:42.210;;68,8;0:46.950;
42,9;0:46.150;;60;0:48.380;;57,1;0:42.290;;50;0:47.040;
61,5;0:46.230;;46,7;0:48.450;;64,3;0:42.380;;62,5;0:47.140;
69,2;0:46.320;;66,7;0:48.550;;53,3;0:42.460;;41,2;0:47.210;
69,2;0:46.410;;60;0:48.640;;53,3;0:42.540;;64,3;0:47.300;
53,3;0:46.490;;60;0:48.730;;57,1;0:42.620;;50;0:47.380;
69,2;0:46.580;;60;0:48.820;;53,3;0:42.700;;43,8;0:47.450;
57,1;0:46.660;;42,9;0:48.880;;57,1;0:42.780;;73,3;0:47.560;
57,1;0:46.740;;56,2;0:48.970;;57,1;0:42.860;;50;0:47.640;
53,8;0:46.810;;40;0:49.030;;57,1;0:42.940;;52,9;0:47.730;
66,7;0:46.890;;71,4;0:49.130;;62,5;0:43.040;;73,3;0:47.840;
61,5;0:46.970;;42,9;0:49.190;;56,2;0:43.130;;36,8;0:47.910;
71,4;0:47.070;;80;0:49.310;;57,1;0:43.210;;53,3;0:47.990;
61,5;0:47.150;;56,2;0:49.400;;53,3;0:43.290;;52,9;0:48.080;
50;0:47.230;;53,3;0:49.480;;57,1;0:43.370;;60;0:48.170;
76,9;0:47.330;;57,1;0:49.560;;50;0:43.450;;50;0:48.250;
57,1;0:47.410;;71,4;0:49.660;;57,1;0:43.530;;62,5;0:48.350;
53,8;0:47.480;;47,1;0:49.740;;64,3;0:43.620;;41,2;0:48.420;
91,7;0:47.590;;57,1;0:49.820;;53,3;0:43.700;;62,5;0:48.520;
50;0:47.660;;57,1;0:49.900;;46,7;0:43.770;;50;0:48.620;
69,2;0:47.750;;60;0:49.990;;56,2;0:43.860;;68,8;0:48.730;
61,5;0:47.830;;75;0:50.110;;53,3;0:43.940;;52,9;0:48.820;
53,3;0:47.910;;58,8;0:50.210;;58,8;0:44.040;;47,1;0:48.900;
61,5;0:47.990;;53,3;0:50.290;;60;0:44.130;;60;0:48.990;
57,1;0:48.070;;50;0:50.370;;56,2;0:44.220;;52,9;0:49.080;
69,2;0:48.160;;50;0:50.440;;40;0:44.280;;66,7;0:49.180;
64,3;0:48.250;;66,7;0:50.540;;53,3;0:44.360;;43,8;0:49.250;
37,5;0:48.310;;50;0:50.620;;46,7;0:44.430;;62,5;0:49.350;
61,5;0:48.390;;43,8;0:50.690;;50;0:44.500;;46,7;0:49.420;
83,3;0:48.490;;64,3;0:50.780;;71,4;0:44.600;;56,2;0:49.510;
60;0:48.580;;64,3;0:50.870;;40;0:44.660;;46,7;0:49.580;
41,7;0:48.630;;53,3;0:50.950;;64,3;0:44.750;;43,8;0:49.650;
76,9;0:48.730;;53,3;0:51.030;;43,8;0:44.820;;58,8;0:49.750;
60;0:48.820;;76,9;0:51.130;;71,4;0:44.920;;35,3;0:49.810;
69,2;0:48.910;;73,3;0:51.240;;40;0:44.980;;66,7;0:49.910;
46,2;0:48.970;;62,5;0:51.340;;64,3;0:45.070;;35,3;0:49.970;
69,2;0:49.060;;66,7;0:51.440;;60;0:45.160;;53,3;0:50.050;
57,1;0:49.140;;62,5;0:51.540;;42,9;0:45.220;;50;0:50.130;
69,2;0:49.230;;46,7;0:51.610;;50;0:45.290;;62,5;0:50.230;
53,8;0:49.300;;57,1;0:51.690;;50;0:45.360;;47,1;0:50.310;
57,1;0:49.380;;53,3;0:51.770;;60;0:45.450;;60;0:50.400;
50;0:49.440;;64,3;0:51.860;;43,8;0:45.520;;56,2;0:50.490;
57,1;0:49.520;;50;0:51.930;;53,3;0:45.600;;37,5;0:50.550;
61,5;0:49.600;;64,3;0:52.020;;60;0:45.690;;60;0:50.640;
76,9;0:49.700;;56,2;0:52.110;;62,5;0:45.790;;62,5;0:50.740;
53,3;0:49.780;;71,4;0:52.210;;53,3;0:45.870;;52,9;0:50.830;
46,2;0:49.840;;62,5;0:52.310;;60;0:45.960;;58,8;0:50.930;
61,5;0:49.920;;43,8;0:52.380;;53,3;0:46.040;;50;0:51.020;
61,5;0:50.000;;53,3;0:52.460;;62,5;0:46.140;;53,3;0:51.100;
53,8;0:50.070;;50;0:52.530;;50;0:46.220;;66,7;0:51.200;
61,5;0:50.150;;64,3;0:52.620;;64,3;0:46.310;;47,1;0:51.280;
57,1;0:50.230;;60;0:52.710;;62,5;0:46.410;;66,7;0:51.380;
57,1;0:50.310;;80;0:52.830;;57,1;0:46.490;;44,4;0:51.460;
71,4;0:50.410;;53,3;0:52.910;;42,9;0:46.550;;56,2;0:51.550;
46,7;0:50.480;;46,7;0:52.980;;57,1;0:46.630;;50;0:51.630;
64,3;0:50.570;;62,5;0:53.080;;60;0:46.720;;50;0:51.710;
53,8;0:50.640;;56,2;0:53.170;;66,7;0:46.820;;52,9;0:51.800;
69,2;0:50.730;;47,1;0:53.250;;50;0:46.900;;50;0:51.880;
53,8;0:50.800;;64,3;0:53.340;;40;0:46.960;;42,1;0:51.960;
46,2;0:50.860;;66,7;0:53.440;;42,9;0:47.020;;60;0:52.050;
46,2;0:50.920;;50;0:53.520;;73,3;0:47.130;;68,8;0:52.160;
83,3;0:51.020;;71,4;0:53.620;;64,3;0:47.220;;56,2;0:52.250;
42,9;0:51.080;;62,5;0:53.720;;53,3;0:47.300;;58,8;0:52.350;
53,8;0:51.150;;60;0:53.810;;57,1;0:47.380;;61,1;0:52.460;
58,3;0:51.220;;64,3;0:53.900;;53,3;0:47.460;;52,6;0:52.560;
61,5;0:51.300;;50;0:53.970;;64,3;0:47.550;;52,9;0:52.650;
61,5;0:51.380;;61,5;0:54.050;;40;0:47.610;;60;0:52.740;
53,8;0:51.450;;80;0:54.170;;57,1;0:47.690;;56,2;0:52.830;
84,6;0:51.560;;53,3;0:54.250;;53,3;0:47.770;;50;0:52.910;
56,2;0:51.650;;50;0:54.330;;53,3;0:47.850;;56,2;0:53.000;
61,5;0:51.730;;69,2;0:54.420;;46,7;0:47.920;;58,8;0:53.100;
50;0:51.800;;57,1;0:54.500;;60;0:48.010;;56,2;0:53.190;
61,5;0:51.880;;46,7;0:54.570;;46,7;0:48.080;;66,7;0:53.290;
46,7;0:51.950;;57,1;0:54.650;;53,8;0:48.150;;50;0:53.370;
53,3;0:52.030;;71,4;0:54.750;;33,3;0:48.200;;62,5;0:53.470;
64,3;0:52.120;;66,7;0:54.850;;60;0:48.290;;47,1;0:53.550;
61,5;0:52.200;;64,3;0:54.940;;71,4;0:48.390;;60;0:53.640;
69,2;0:52.290;;68,8;0:55.050;;53,3;0:48.470;;53,3;0:53.720;
75;0:52.380;;53,3;0:55.130;;46,7;0:48.540;;50;0:53.800;
60;0:52.470;;53,3;0:55.210;;60;0:48.630;;66,7;0:53.900;
46,7;0:52.540;;60;0:55.300;;60;0:48.720;;55,6;0:54.000;
69,2;0:52.630;;61,5;0:55.380;;64,3;0:48.810;;50;0:54.080;
42,9;0:52.690;;64,3;0:55.470;;60;0:48.900;;50;0:54.160;
66,7;0:52.770;;53,3;0:55.550;;60;0:48.990;;53,3;0:54.240;
53,8;0:52.840;;71,4;0:55.650;;60;0:49.080;;58,8;0:54.340;
57,1;0:52.920;;52,9;0:55.740;;40;0:49.140;;44,4;0:54.420;
50;0:52.990;;66,7;0:55.840;;50;0:49.210;;50;0:54.500;
61,5;0:53.070;;46,7;0:55.910;;57,1;0:49.290;;68,8;0:54.610;
58,3;0:53.140;;53,3;0:55.990;;60;0:49.380;;53,3;0:54.690;
35,7;0:53.190;;56,2;0:56.080;;50;0:49.460;;64,7;0:54.800;
69,2;0:53.280;;80;0:56.200;;57,1;0:49.540;;61,1;0:54.910;
57,1;0:53.360;;47,1;0:56.280;;57,1;0:49.620;;46,7;0:54.980;
71,4;0:53.460;;50;0:56.350;;60;0:49.710;;64,3;0:55.070;
64,3;0:53.550;;61,5;0:56.430;;57,1;0:49.790;;40;0:55.130;
53,8;0:53.620;;37,5;0:56.490;;57,1;0:49.870;;60;0:55.220;
46,7;0:53.690;;64,3;0:56.580;;50;0:49.940;;62,5;0:55.320;
58,3;0:53.760;;60;0:56.670;;64,3;0:50.030;;47,1;0:55.400;
64,3;0:53.850;;64,3;0:56.760;;53,3;0:50.110;;50;0:55.480;
50;0:53.920;;53,3;0:56.840;;53,3;0:50.190;;81,2;0:55.610;
66,7;0:54.000;;69,2;0:56.930;;64,3;0:50.280;;50;0:55.700;
53,3;0:54.080;;40;0:56.990;;46,7;0:50.350;;62,5;0:55.800;
61,5;0:54.160;;50;0:57.060;;57,1;0:50.430;;66,7;0:55.900;
57,1;0:54.240;;42,9;0:57.120;;60;0:50.520;;50;0:55.980;
57,1;0:54.320;;57,1;0:57.200;;73,3;0:50.630;;66,7;0:56.100;
53,3;0:54.400;;57,1;0:57.280;;56,2;0:50.720;;56,2;0:56.190;
57,1;0:54.480;;64,3;0:57.370;;64,3;0:50.810;;53,3;0:56.270;
61,5;0:54.560;;53,3;0:57.450;;52,9;0:50.900;;58,8;0:56.370;
35,7;0:54.610;;60;0:57.540;;60;0:50.990;;43,8;0:56.440;
61,5;0:54.690;;57,1;0:57.620;;71,4;0:51.090;;64,3;0:56.530;
53,8;0:54.760;;60;0:57.710;;50;0:51.160;;50;0:56.610;
64,3;0:54.850;;42,9;0:57.770;;64,3;0:51.250;;66,7;0:56.710;
76,9;0:54.950;;64,3;0:57.860;;42,9;0:51.310;;50;0:56.790;
44,4;0:55.030;;53,3;0:57.940;;57,1;0:51.390;;60;0:56.880;
57,1;0:55.110;;53,3;0:58.020;;57,1;0:51.470;;68,8;0:56.990;
60;0:55.200;;60;0:58.110;;46,7;0:51.540;;41,2;0:57.060;
50;0:55.270;;60;0:58.200;;53,8;0:51.610;;56,2;0:57.150;
53,8;0:55.340;;60;0:58.290;;50;0:51.680;;56,2;0:57.240;
53,8;0:55.410;;56,2;0:58.380;;64,3;0:51.770;;56,2;0:57.330;
61,5;0:55.490;;57,1;0:58.460;;43,8;0:51.840;;56,2;0:57.420;
53,8;0:55.560;;71,4;0:58.560;;50;0:51.910;;50;0:57.510;
46,7;0:55.630;;56,2;0:58.650;;50;0:51.980;;53,3;0:57.590;
61,5;0:55.710;;50;0:58.720;;64,3;0:52.070;;50;0:57.670;
76,9;0:55.810;;60;0:58.810;;57,1;0:52.150;;46,7;0:57.740;
50;0:55.880;;73,3;0:58.920;;71,4;0:52.250;;62,5;0:57.840;
61,5;0:55.960;;60;0:59.010;;43,8;0:52.320;;56,2;0:57.930;
71,4;0:56.060;;53,3;0:59.090;;43,8;0:52.390;;58,8;0:58.030;
42,9;0:56.120;;64,3;0:59.180;;57,1;0:52.470;;58,8;0:58.130;
64,3;0:56.210;;64,3;0:59.270;;68,8;0:52.580;;62,5;0:58.230;
57,1;0:56.290;;64,3;0:59.360;;57,1;0:52.660;;68,8;0:58.340;
53,8;0:56.360;;57,1;0:59.440;;53,3;0:52.740;;50;0:58.430;
71,4;0:56.460;;60;0:59.530;;57,1;0:52.820;;66,7;0:58.530;
64,3;0:56.550;;60;0:59.620;;60;0:52.910;;41,2;0:58.600;
76,9;0:56.650;;60;0:59.710;;40;0:52.970;;56,2;0:58.690;
64,3;0:56.740;;60;0:59.800;;53,3;0:53.050;;56,2;0:58.780;
46,7;0:56.810;;60;0:59.890;;60;0:53.140;;58,8;0:58.880;
57,1;0:56.890;;47,1;0:59.970;;60;0:53.230;;47,1;0:58.960;
57,1;0:56.970;;64,3;1:00.060;;46,7;0:53.300;;66,7;0:59.060;
69,2;0:57.060;;43,8;1:00.130;;71,4;0:53.400;;52,9;0:59.150;
42,9;0:57.120;;53,3;1:00.210;;53,3;0:53.480;;41,2;0:59.220;
50;0:57.180;;62,5;1:00.310;;50;0:53.560;;46,7;0:59.290;
53,8;0:57.250;;71,4;1:00.410;;50;0:53.630;;50;0:59.370;
76,9;0:57.350;;56,2;1:00.500;;53,3;0:53.710;;62,5;0:59.470;
50;0:57.420;;61,1;1:00.610;;53,3;0:53.790;;53,3;0:59.550;
75;0:57.510;;71,4;1:00.710;;46,7;0:53.860;;44,4;0:59.630;
57,1;0:57.590;;50;1:00.790;;60;0:53.950;;62,5;0:59.730;
53,8;0:57.660;;53,3;1:00.870;;42,9;0:54.010;;60;0:59.820;
61,5;0:57.740;;53,3;1:00.950;;64,3;0:54.100;;50;0:59.910;
69,2;0:57.830;;66,7;1:01.050;;53,3;0:54.180;;53,3;0:59.990;
50;0:57.900;;73,3;1:01.160;;60;0:54.270;;62,5;1:00.090;
53,8;0:57.970;;56,2;1:01.250;;53,3;0:54.350;;47,1;1:00.170;
66,7;0:58.070;;46,7;1:01.320;;42,9;0:54.410;;56,2;1:00.260;
53,3;0:58.150;;57,1;1:01.400;;71,4;0:54.510;;43,8;1:00.330;
46,7;0:58.220;;53,3;1:01.480;;53,3;0:54.590;;60;1:00.420;
50;0:58.290;;57,1;1:01.560;;50;0:54.670;;57,1;1:00.500;
46,2;0:58.350;;66,7;1:01.660;;64,3;0:54.760;;53,3;1:00.580;
50;0:58.410;;60;1:01.750;;57,1;0:54.840;;53,3;1:00.660;
30,8;0:58.450;;40;1:01.810;;64,3;0:54.930;;53,3;1:00.740;
69,2;0:58.540;;57,1;1:01.890;;50;0:55.010;;56,2;1:00.830;
64,3;0:58.630;;80;1:02.010;;50;0:55.080;;56,2;1:00.920;
46,7;0:58.700;;60;1:02.100;;71,4;0:55.180;;55,6;1:01.020;
50;0:58.760;;71,4;1:02.200;;64,3;0:55.270;;37,5;1:01.080;
46,2;0:58.820;;64,3;1:02.290;;56,2;0:55.360;;53,3;1:01.160;
61,5;0:58.900;;66,7;1:02.390;;57,1;0:55.440;;68,8;1:01.270;
53,3;0:58.980;;53,3;1:02.470;;57,1;0:55.520;;50;1:01.350;
53,8;0:59.050;;57,1;1:02.550;;53,3;0:55.600;;46,7;1:01.420;
61,5;0:59.130;;57,1;1:02.630;;50;0:55.670;;47,1;1:01.500;
66,7;0:59.210;;40;1:02.690;;50;0:55.740;;66,7;1:01.600;
61,5;0:59.290;;57,1;1:02.770;;57,1;0:55.820;;47,1;1:01.680;
46,2;0:59.350;;64,3;1:02.860;;46,7;0:55.890;;62,5;1:01.780;
42,9;0:59.410;;64,3;1:02.950;;57,1;0:55.970;;52,9;1:01.870;
69,2;0:59.500;;64,3;1:03.040;;57,1;0:56.050;;40;1:01.930;
53,8;0:59.570;;56,2;1:03.130;;50;0:56.120;;68,8;1:02.040;
57,1;0:59.650;;37,5;1:03.190;;64,3;0:56.210;;70,6;1:02.160;
57,1;0:59.730;;66,7;1:03.290;;52,9;0:56.300;;52,9;1:02.250;
42,9;0:59.790;;43,8;1:03.360;;50;0:56.370;;61,1;1:02.360;
64,3;0:59.880;;64,3;1:03.450;;64,3;0:56.460;;43,8;1:02.430;
50;0:59.950;;58,8;1:03.550;;46,7;0:56.530;;60;1:02.520;
60;1:00.040;;60;1:03.640;;69,2;0:56.620;;46,7;1:02.590;
78,6;1:00.150;;64,3;1:03.730;;53,3;0:56.700;;41,2;1:02.660;
53,3;1:00.230;;56,2;1:03.820;;53,3;0:56.780;;75;1:02.780;
69,2;1:00.320;;62,5;1:03.920;;64,3;0:56.870;;52,9;1:02.870;
61,5;1:00.400;;68,8;1:04.030;;53,3;0:56.950;;64,7;1:02.980;
61,5;1:00.480;;47,1;1:04.110;;42,9;0:57.010;;66,7;1:03.100;
53,8;1:00.550;;50;1:04.180;;64,3;0:57.100;;44,4;1:03.180;
69,2;1:00.640;;61,5;1:04.260;;53,3;0:57.180;;56,2;1:03.270;
53,8;1:00.710;;64,3;1:04.350;;43,8;0:57.250;;56,2;1:03.360;
69,2;1:00.800;;66,7;1:04.450;;78,6;0:57.360;;62,5;1:03.460;
64,3;1:00.890;;60;1:04.540;;43,8;0:57.430;;56,2;1:03.550;
43,8;1:00.960;;53,3;1:04.620;;64,3;0:57.520;;60;1:03.640;
57,1;1:01.040;;46,7;1:04.690;;53,3;0:57.600;;56,2;1:03.730;
57,1;1:01.120;;64,3;1:04.780;;60;0:57.690;;56,2;1:03.820;
64,3;1:01.210;;60;1:04.870;;53,3;0:57.770;;52,9;1:03.910;
53,8;1:01.280;;66,7;1:04.970;;66,7;0:57.870;;53,3;1:03.990;
76,9;1:01.380;;73,3;1:05.080;;50;0:57.940;;50;1:04.070;
42,9;1:01.440;;37,5;1:05.140;;66,7;0:58.040;;60;1:04.160;
53,8;1:01.510;;53,3;1:05.220;;62,5;0:58.140;;35,3;1:04.220;
66,7;1:01.590;;64,3;1:05.310;;37,5;0:58.200;;37,5;1:04.280;
53,8;1:01.660;;62,5;1:05.410;;71,4;0:58.300;;47,1;1:04.360;
66,7;1:01.760;;35,3;1:05.470;;78,6;0:58.410;;53,3;1:04.440;
50;1:01.830;;60;1:05.560;;43,8;0:58.480;;27,8;1:04.490;
46,7;1:01.900;;53,3;1:05.640;;46,7;0:58.550;;50;1:04.560;
69,2;1:01.990;;64,3;1:05.730;;57,1;0:58.630;;43,8;1:04.630;
53,8;1:02.060;;60;1:05.820;;57,1;0:58.710;;50;1:04.700;
50;1:02.130;;60;1:05.910;;60;0:58.800;;40;1:04.760;
53,8;1:02.200;;50;1:05.990;;46,7;0:58.870;;50;1:04.840;
46,2;1:02.260;;60;1:06.080;;50;0:58.940;;53,3;1:04.920;
76,9;1:02.360;;58,8;1:06.180;;46,7;0:59.010;;43,8;1:04.990;
64,3;1:02.450;;57,1;1:06.260;;53,3;0:59.090;;46,7;1:05.060;
42,9;1:02.510;;62,5;1:06.360;;50;0:59.170;;43,8;1:05.130;
53,8;1:02.580;;64,3;1:06.450;;71,4;0:59.270;;53,3;1:05.210;
61,5;1:02.660;;66,7;1:06.550;;42,9;0:59.330;;37,5;1:05.270;
58,3;1:02.730;;56,2;1:06.640;;60;0:59.420;;43,8;1:05.340;
46,2;1:02.790;;60;1:06.730;;46,7;0:59.490;;43,8;1:05.410;
50;1:02.860;;35,7;1:06.780;;66,7;0:59.590;;40;1:05.470;
66,7;1:02.940;;64,3;1:06.870;;57,1;0:59.670;;42,9;1:05.530;
50;1:03.010;;64,3;1:06.960;;46,7;0:59.740;;40;1:05.590;
66,7;1:03.090;;66,7;1:07.060;;64,3;0:59.830;;50;1:05.670;
46,2;1:03.150;;60;1:07.150;;50;0:59.910;;43,8;1:05.740;
42,9;1:03.210;;57,1;1:07.230;;71,4;1:00.010;;43,8;1:05.810;
58,3;1:03.280;;42,9;1:07.290;;53,3;1:00.090;;46,7;1:05.880;
53,8;1:03.350;;61,5;1:07.370;;57,1;1:00.170;;41,2;1:05.950;
53,8;1:03.420;;53,3;1:07.450;;57,1;1:00.250;;40;1:06.010;
69,2;1:03.510;;57,1;1:07.530;;53,3;1:00.330;;43,8;1:06.080;
50;1:03.580;;53,3;1:07.610;;57,1;1:00.410;;37,5;1:06.140;
69,2;1:03.670;;47,1;1:07.690;;46,7;1:00.480;;46,7;1:06.210;
53,8;1:03.740;;69,2;1:07.780;;35,7;1:00.530;;50;1:06.290;
57,1;1:03.820;;62,5;1:07.880;;46,7;1:00.600;;43,8;1:06.360;
58,3;1:03.890;;61,5;1:07.960;;40;1:00.660;;50;1:06.440;
57,1;1:03.970;;62,5;1:08.060;;37,5;1:00.720;;43,8;1:06.510;
57,1;1:04.050;;37,5;1:08.120;;50;1:00.790;;43,8;1:06.580;
46,7;1:04.120;;78,6;1:08.230;;40;1:00.850;;46,7;1:06.650;
61,5;1:04.200;;56,2;1:08.320;;40;1:00.910;;41,2;1:06.720;
57,1;1:04.280;;43,8;1:08.390;;42,9;1:00.970;;37,5;1:06.780;
38,5;1:04.330;;53,3;1:08.470;;35,7;1:01.020;;50;1:06.860;
50;1:04.400;;60;1:08.560;;42,9;1:01.080;;46,7;1:06.930;
46,2;1:04.460;;56,2;1:08.650;;35,3;1:01.140;;46,7;1:07.000;
46,2;1:04.520;;80;1:08.770;;42,9;1:01.200;;47,1;1:07.080;
58,3;1:04.590;;60;1:08.860;;50;1:01.270;;40;1:07.140;
57,1;1:04.670;;43,8;1:08.930;;37,5;1:01.330;;50;1:07.220;
69,2;1:04.760;;53,3;1:09.010;;40;1:01.390;;31,2;1:07.270;
69,2;1:04.850;;57,1;1:09.090;;50;1:01.460;;40;1:07.330;
64,3;1:04.940;;71,4;1:09.190;;50;1:01.530;;46,7;1:07.400;
60;1:05.030;;50;1:09.270;;46,7;1:01.600;;41,2;1:07.470;
66,7;1:05.130;;46,7;1:09.340;;40;1:01.660;;47,1;1:07.550;
50;1:05.200;;71,4;1:09.440;;41,2;1:01.730;;41,2;1:07.620;
53,8;1:05.270;;71,4;1:09.540;;41,2;1:01.800;;56,2;1:07.710;
69,2;1:05.360;;56,2;1:09.630;;35,7;1:01.850;;50;1:07.790;
53,8;1:05.430;;60;1:09.720;;50;1:01.920;;43,8;1:07.860;
46,2;1:05.490;;64,3;1:09.810;;35,7;1:01.970;;43,8;1:07.930;
50;1:05.560;;40;1:09.870;;35,7;1:02.020;;37,5;1:07.990;
46,2;1:05.620;;46,7;1:09.940;;46,2;1:02.080;;53,3;1:08.070;
61,5;1:05.700;;57,1;1:10.020;;42,9;1:02.140;;37,5;1:08.130;
66,7;1:05.800;;50;1:10.100;;42,9;1:02.200;;46,7;1:08.200;
64,3;1:05.890;;50;1:10.170;;42,9;1:02.260;;40;1:08.260;
50;1:05.960;;53,3;1:10.250;;35,7;1:02.310;;43,8;1:08.330;
61,5;1:06.040;;57,1;1:10.330;;53,8;1:02.380;;41,2;1:08.400;
42,9;1:06.100;;60;1:10.420;;46,7;1:02.450;;60;1:08.490;
66,7;1:06.180;;64,3;1:10.510;;43,8;1:02.520;;43,8;1:08.560;
69,2;1:06.270;;60;1:10.600;;40;1:02.580;;29,4;1:08.610;
46,2;1:06.330;;62,5;1:10.700;;42,9;1:02.640;;33,3;1:08.660;
69,2;1:06.420;;64,3;1:10.790;;28,6;1:02.680;;31,2;1:08.710;
50;1:06.490;;42,9;1:10.850;;53,3;1:02.760;;21,1;1:08.750;
84,6;1:06.600;;78,6;1:10.960;;33,3;1:02.810;;31,2;1:08.800;
71,4;1:06.700;;62,5;1:11.060;;46,7;1:02.880;;23,5;1:08.840;
57,1;1:06.780;;58,8;1:11.160;;42,9;1:02.940;;26,7;1:08.880;
61,5;1:06.860;;52,9;1:11.250;;42,9;1:03.000;;20;1:08.910;
69,2;1:06.950;;57,1;1:11.330;;50;1:03.070;;20;1:08.940;
57,1;1:07.030;;71,4;1:11.430;;35,7;1:03.120;;7,1;1:08.950;
71,4;1:07.130;;71,4;1:11.530;;50;1:03.190;;7,1;1:08.960;
53,3;1:07.210;;56,2;1:11.620;;37,5;1:03.250;;7,1;1:08.970;
53,3;1:07.290;;62,5;1:11.720;;50;1:03.320;;7,1;1:08.980;
57,1;1:07.370;;53,3;1:11.800;;33,3;1:03.370;;7,1;1:08.990;
46,7;1:07.440;;57,1;1:11.880;;42,9;1:03.430;;6,7;1:09.000;
53,3;1:07.520;;64,3;1:11.970;;50;1:03.500;;7,1;1:09.010;
71,4;1:07.620;;73,3;1:12.080;;42,9;1:03.560;;7,1;1:09.020;
50;1:07.690;;56,2;1:12.170;;40;1:03.620;;6,2;1:09.030;
76,9;1:07.790;;64,3;1:12.260;;40;1:03.680;;7,1;1:09.040;
64,3;1:07.880;;58,8;1:12.360;;46,2;1:03.740;;7,1;1:09.050;
75;1:07.970;;42,9;1:12.420;;46,7;1:03.810;;7,1;1:09.060;
46,7;1:08.040;;46,2;1:12.480;;37,5;1:03.870;;6,7;1:09.070;
73,3;1:08.150;;56,2;1:12.570;;40;1:03.930;;7,1;1:09.080;
64,3;1:08.240;;78,6;1:12.680;;40;1:03.990;;7,1;1:09.090;
57,1;1:08.320;;64,3;1:12.770;;42,9;1:04.050;;7,1;1:09.100;
53,3;1:08.400;;66,7;1:12.870;;50;1:04.120;;6,2;1:09.110;
53,8;1:08.470;;50;1:12.950;;42,9;1:04.180;;7,1;1:09.120;
69,2;1:08.560;;50;1:13.030;;28,6;1:04.220;;6,2;1:09.130;
61,5;1:08.640;;46,7;1:13.100;;35,3;1:04.280;;6,7;1:09.140;
50;1:08.710;;35,7;1:13.150;;43,8;1:04.350;;6,7;1:09.150;
66,7;1:08.790;;53,8;1:13.220;;46,7;1:04.420;;7,1;1:09.160;
53,8;1:08.860;;31,2;1:13.270;;35,7;1:04.470;;26,7;1:09.200;
61,5;1:08.940;;50;1:13.340;;42,9;1:04.530;;;;
64,3;1:09.030;;42,9;1:13.400;;25;1:04.570;;;;
61,5;1:09.110;;37,5;1:13.460;;42,9;1:04.630;;;;
53,3;1:09.190;;53,8;1:13.530;;20;1:04.660;;;;
50;1:09.260;;35,7;1:13.580;;25;1:04.700;;;;
57,1;1:09.340;;50;1:13.650;;28,6;1:04.740;;;;
66,7;1:09.440;;42,9;1:13.710;;28,6;1:04.780;;;;
50;1:09.500;;50;1:13.780;;25;1:04.820;;;;
69,2;1:09.590;;37,5;1:13.840;;26,7;1:04.860;;;;
57,1;1:09.670;;37,5;1:13.900;;21,4;1:04.890;;;;
64,3;1:09.760;;40;1:13.960;;7,1;1:04.900;;;;
57,1;1:09.840;;37,5;1:14.020;;6,7;1:04.910;;;;
46,7;1:09.910;;33,3;1:14.070;;7,1;1:04.920;;;;
53,8;1:09.980;;57,1;1:14.150;;7,7;1:04.930;;;;
61,5;1:10.060;;33,3;1:14.200;;6,7;1:04.940;;;;
64,3;1:10.150;;53,3;1:14.280;;7,1;1:04.950;;;;
69,2;1:10.240;;42,9;1:14.340;;7,7;1:04.960;;;;
46,2;1:10.300;;50;1:14.410;;7,7;1:04.970;;;;
57,1;1:10.380;;33,3;1:14.460;;7,7;1:04.980;;;;
69,2;1:10.470;;53,8;1:14.530;;7,1;1:04.990;;;;
53,8;1:10.540;;53,8;1:14.600;;7,7;1:05.000;;;;
53,8;1:10.610;;46,7;1:14.670;;7,7;1:05.010;;;;
61,5;1:10.690;;40;1:14.730;;7,7;1:05.020;;;;
53,8;1:10.760;;50;1:14.800;;7,7;1:05.030;;;;
57,1;1:10.840;;37,5;1:14.860;;7,1;1:05.040;;;;
75;1:10.930;;43,8;1:14.930;;7,7;1:05.050;;;;
57,1;1:11.010;;50;1:15.000;;7,1;1:05.060;;;;
53,8;1:11.080;;46,7;1:15.070;;7,1;1:05.070;;;;
75;1:11.170;;40;1:15.130;;7,7;1:05.080;;;;
57,1;1:11.250;;50;1:15.200;;7,1;1:05.090;;;;
61,5;1:11.330;;50;1:15.270;;15,4;1:05.110;;;;
69,2;1:11.420;;40;1:15.330;;7,7;1:05.120;;;;
46,2;1:11.480;;35,7;1:15.380;;15,4;1:05.140;;;;
57,1;1:11.560;;53,3;1:15.460;;7,7;1:05.150;;;;
76,9;1:11.660;;28,6;1:15.500;;7,7;1:05.160;;;;
40;1:11.720;;46,7;1:15.570;;7,7;1:05.170;;;;
40;1:11.780;;42,9;1:15.630;;7,7;1:05.180;;;;
42,9;1:11.840;;46,7;1:15.700;;7,7;1:05.190;;;;
30,8;1:11.880;;43,8;1:15.770;;7,7;1:05.200;;;;
53,8;1:11.950;;35,7;1:15.820;;7,7;1:05.210;;;;
42,9;1:12.010;;64,3;1:15.910;;;;;;;
41,7;1:12.060;;35,3;1:15.970;;;;;;;
53,8;1:12.130;;50;1:16.040;;;;;;;
46,2;1:12.190;;46,7;1:16.110;;;;;;;
50;1:12.260;;50;1:16.180;;;;;;;
35,7;1:12.310;;53,3;1:16.260;;;;;;;
53,8;1:12.380;;42,9;1:16.320;;;;;;;
38,5;1:12.430;;40;1:16.380;;;;;;;
57,1;1:12.510;;42,9;1:16.440;;;;;;;
46,2;1:12.570;;53,3;1:16.520;;;;;;;
38,5;1:12.620;;40;1:16.580;;;;;;;
46,2;1:12.680;;42,9;1:16.640;;;;;;;
46,2;1:12.740;;50;1:16.710;;;;;;;
42,9;1:12.800;;46,7;1:16.780;;;;;;;
46,2;1:12.860;;42,9;1:16.840;;;;;;;
46,2;1:12.920;;40;1:16.900;;;;;;;
35,7;1:12.970;;42,9;1:16.960;;;;;;;
58,3;1:13.040;;61,5;1:17.040;;;;;;;
40;1:13.100;;46,7;1:17.110;;;;;;;
28,6;1:13.140;;40;1:17.170;;;;;;;
53,8;1:13.210;;50;1:17.240;;;;;;;
35,7;1:13.260;;40;1:17.300;;;;;;;
40;1:13.320;;42,9;1:17.360;;;;;;;
46,2;1:13.380;;42,9;1:17.420;;;;;;;
30,8;1:13.420;;57,1;1:17.500;;;;;;;
38,5;1:13.470;;42,9;1:17.560;;;;;;;
53,8;1:13.540;;40;1:17.620;;;;;;;
38,5;1:13.590;;26,7;1:17.660;;;;;;;
46,2;1:13.650;;28,6;1:17.700;;;;;;;
38,5;1:13.700;;28,6;1:17.740;;;;;;;
46,2;1:13.760;;38,5;1:17.790;;;;;;;
41,7;1:13.810;;33,3;1:17.840;;;;;;;
42,9;1:13.870;;35,7;1:17.890;;;;;;;
40;1:13.930;;23,1;1:17.920;;;;;;;
50;1:14.000;;35,7;1:17.970;;;;;;;
46,2;1:14.060;;15,4;1:17.990;;;;;;;
53,8;1:14.130;;14,3;1:18.010;;;;;;;
21,4;1:14.160;;7,7;1:18.020;;;;;;;
53,8;1:14.230;;7,7;1:18.030;;;;;;;
46,2;1:14.290;;7,7;1:18.040;;;;;;;
38,5;1:14.340;;7,1;1:18.050;;;;;;;
38,5;1:14.390;;7,1;1:18.060;;;;;;;
46,2;1:14.450;;7,7;1:18.070;;;;;;;
46,2;1:14.510;;7,7;1:18.080;;;;;;;
30,8;1:14.550;;7,7;1:18.090;;;;;;;
46,2;1:14.610;;7,7;1:18.100;;;;;;;
50;1:14.670;;7,7;1:18.110;;;;;;;
30,8;1:14.710;;7,7;1:18.120;;;;;;;
46,2;1:14.770;;7,7;1:18.130;;;;;;;
53,8;1:14.840;;7,7;1:18.140;;;;;;;
53,8;1:14.910;;7,1;1:18.150;;;;;;;
41,7;1:14.960;;7,7;1:18.160;;;;;;;
50;1:15.030;;7,1;1:18.170;;;;;;;
38,5;1:15.080;;7,7;1:18.180;;;;;;;
38,5;1:15.130;;7,1;1:18.190;;;;;;;
46,2;1:15.190;;7,7;1:18.200;;;;;;;
53,8;1:15.260;;7,7;1:18.210;;;;;;;
42,9;1:15.320;;7,1;1:18.220;;;;;;;
38,5;1:15.370;;7,7;1:18.230;;;;;;;
50;1:15.430;;7,7;1:18.240;;;;;;;
28,6;1:15.470;;7,1;1:18.250;;;;;;;
50;1:15.530;;7,7;1:18.260;;;;;;;
38,5;1:15.580;;6,2;1:18.270;;;;;;;
38,5;1:15.630;;6,7;1:18.280;;;;;;;
46,2;1:15.690;;7,7;1:18.290;;;;;;;
42,9;1:15.750;;8,3;1:18.300;;;;;;;
38,5;1:15.800;;7,7;1:18.310;;;;;;;
53,8;1:15.870;;;;;;;;;;
35,7;1:15.920;;;;;;;;;;
46,2;1:15.980;;;;;;;;;;
61,5;1:16.060;;;;;;;;;;
40;1:16.120;;;;;;;;;;
42,9;1:16.180;;;;;;;;;;
35,7;1:16.230;;;;;;;;;;
40;1:16.290;;;;;;;;;;
28,6;1:16.330;;;;;;;;;;
23,1;1:16.360;;;;;;;;;;
30,8;1:16.400;;;;;;;;;;
33,3;1:16.440;;;;;;;;;;
30,8;1:16.480;;;;;;;;;;
33,3;1:16.520;;;;;;;;;;
38,5;1:16.570;;;;;;;;;;
23,1;1:16.600;;;;;;;;;;
25;1:16.630;;;;;;;;;;
23,1;1:16.660;;;;;;;;;;
8,3;1:16.670;;;;;;;;;;
25;1:16.700;;;;;;;;;;
7,7;1:16.710;;;;;;;;;;
7,7;1:16.720;;;;;;;;;;
8,3;1:16.730;;;;;;;;;;
7,7;1:16.740;;;;;;;;;;
8,3;1:16.750;;;;;;;;;;
8,3;1:16.760;;;;;;;;;;
8,3;1:16.770;;;;;;;;;;
7,7;1:16.780;;;;;;;;;;
8,3;1:16.790;;;;;;;;;;
7,7;1:16.800;;;;;;;;;;
7,7;1:16.810;;;;;;;;;;
8,3;1:16.820;;;;;;;;;;
7,1;1:16.830;;;;;;;;;;
7,7;1:16.840;;;;;;;;;;
8,3;1:16.850;;;;;;;;;;
8,3;1:16.860;;;;;;;;;;
