16,7;0:00.040;a cpu;30,8;0:00.050;d cpu;7,7;0:00.020;g cpu;28,6;0:00.050;j cpu
100;0:00.160;b time;100;0:00.190;e time;7,7;0:00.030;h time;78,6;0:00.160;k time
75;0:00.250;LEFT;35,7;0:00.240;LEFT;7,7;0:00.040;LEFT;100;0:00.320;LEFT
100;0:00.370;PARDUS;28,6;0:00.280;PARDUS;38,5;0:00.090;UBUNTU;64,7;0:00.430;UBUNTU
75;0:00.460;GPOS;100;0:00.420;RTOS;15,4;0:00.110;GPOS;92,9;0:00.560;RTOS
100;0:00.580;;85,7;0:00.540;;7,1;0:00.120;;100;0:00.700;
92,3;0:00.700;;85,7;0:00.660;;46,2;0:00.180;;107,1;0:00.850;
100;0:00.820;;100;0:00.800;;69,2;0:00.270;;93,3;0:00.990;
100;0:00.940;;100;0:00.940;;64,3;0:00.360;;92,9;0:01.120;
84,6;0:01.050;;100;0:01.080;;64,3;0:00.450;;78,6;0:01.230;
75;0:01.140;;92,9;0:01.210;;100;0:00.590;;71,4;0:01.330;
83,3;0:01.240;;100;0:01.340;;92,9;0:00.720;;57,1;0:01.410;
58,3;0:01.310;;73,3;0:01.450;;100;0:00.860;;100;0:01.550;
92,3;0:01.430;;30,8;0:01.490;;100;0:01.000;;50;0:01.630;
109,1;0:01.550;;92,3;0:01.610;;78,6;0:01.110;;7,1;0:01.640;
100;0:01.670;;100;0:01.750;;21,4;0:01.140;;7,1;0:01.650;
92,3;0:01.790;;107,7;0:01.890;;61,5;0:01.220;;6,7;0:01.660;
58,3;0:01.860;;85,7;0:02.010;;50;0:01.290;;7,1;0:01.670;
25;0:01.890;;85,7;0:02.130;;14,3;0:01.310;;7,1;0:01.680;
7,7;0:01.900;;30,8;0:02.170;;28,6;0:01.350;;7,1;0:01.690;
8,3;0:01.910;;6,7;0:02.180;;7,7;0:01.360;;6,2;0:01.700;
8,3;0:01.920;;7,7;0:02.190;;92,3;0:01.480;;6,2;0:01.710;
7,7;0:01.930;;7,7;0:02.200;;66,7;0:01.580;;6,2;0:01.720;
8,3;0:01.940;;7,1;0:02.210;;7,1;0:01.590;;7,1;0:01.730;
7,7;0:01.950;;7,1;0:02.220;;13,3;0:01.610;;7,1;0:01.740;
7,7;0:01.960;;7,1;0:02.230;;6,2;0:01.620;;7,1;0:01.750;
8,3;0:01.970;;23,1;0:02.260;;7,7;0:01.630;;7,1;0:01.760;
16,7;0:01.990;;7,7;0:02.270;;6,7;0:01.640;;6,7;0:01.770;
7,7;0:02.000;;7,7;0:02.280;;7,1;0:01.650;;7,1;0:01.780;
8,3;0:02.010;;7,1;0:02.290;;7,7;0:01.660;;7,1;0:01.790;
7,7;0:02.020;;7,1;0:02.300;;14,3;0:01.680;;7,1;0:01.800;
8,3;0:02.030;;7,1;0:02.310;;7,7;0:01.690;;7,1;0:01.810;
7,7;0:02.040;;7,1;0:02.320;;7,1;0:01.700;;7,1;0:01.820;
8,3;0:02.050;;7,7;0:02.330;;7,1;0:01.710;;7,1;0:01.830;
16,7;0:02.070;;7,7;0:02.340;;7,7;0:01.720;;7,1;0:01.840;
7,7;0:02.080;;7,1;0:02.350;;7,1;0:01.730;;7,1;0:01.850;
8,3;0:02.090;;15,4;0:02.370;;7,7;0:01.740;;7,1;0:01.860;
8,3;0:02.100;;7,7;0:02.380;;14,3;0:01.760;;7,7;0:01.870;
23,1;0:02.130;;7,7;0:02.390;;7,1;0:01.770;;7,1;0:01.880;
15,4;0:02.150;;7,7;0:02.400;;7,1;0:01.780;;7,1;0:01.890;
8,3;0:02.160;;7,7;0:02.410;;6,2;0:01.790;;7,1;0:01.900;
7,7;0:02.170;;7,7;0:02.420;;7,7;0:01.800;;6,7;0:01.910;
8,3;0:02.180;;7,7;0:02.430;;7,7;0:01.810;;7,1;0:01.920;
8,3;0:02.190;;7,1;0:02.440;;7,7;0:01.820;;6,7;0:01.930;
9,1;0:02.200;;7,7;0:02.450;;6,2;0:01.830;;14,3;0:01.950;
7,7;0:02.210;;7,7;0:02.460;;7,1;0:01.840;;13,3;0:01.970;
7,7;0:02.220;;7,1;0:02.470;;7,1;0:01.850;;7,1;0:01.980;
8,3;0:02.230;;7,7;0:02.480;;6,7;0:01.860;;7,1;0:01.990;
15,4;0:02.250;;7,7;0:02.490;;7,1;0:01.870;;7,1;0:02.000;
7,7;0:02.260;;7,7;0:02.500;;7,1;0:01.880;;7,1;0:02.010;
8,3;0:02.270;;7,7;0:02.510;;7,7;0:01.890;;7,1;0:02.020;
7,7;0:02.280;;7,7;0:02.520;;6,7;0:01.900;;7,1;0:02.030;
7,7;0:02.290;;14,3;0:02.540;;7,1;0:01.910;;7,1;0:02.040;
7,7;0:02.300;;7,7;0:02.550;;6,2;0:01.920;;6,7;0:02.050;
8,3;0:02.310;;7,1;0:02.560;;7,1;0:01.930;;7,1;0:02.060;
8,3;0:02.320;;7,7;0:02.570;;6,7;0:01.940;;7,1;0:02.070;
8,3;0:02.330;;7,1;0:02.580;;14,3;0:01.960;;7,1;0:02.080;
7,7;0:02.340;;6,7;0:02.590;;7,7;0:01.970;;7,1;0:02.090;
8,3;0:02.350;;7,1;0:02.600;;7,7;0:01.980;;7,1;0:02.100;
8,3;0:02.360;;7,7;0:02.610;;7,7;0:01.990;;7,1;0:02.110;
7,7;0:02.370;;7,1;0:02.620;;7,7;0:02.000;;7,1;0:02.120;
16,7;0:02.390;;7,1;0:02.630;;7,7;0:02.010;;6,7;0:02.130;
7,7;0:02.400;;7,7;0:02.640;;6,2;0:02.020;;6,7;0:02.140;
8,3;0:02.410;;7,7;0:02.650;;7,1;0:02.030;;7,7;0:02.150;
8,3;0:02.420;;8,3;0:02.660;;6,7;0:02.040;;7,1;0:02.160;
7,7;0:02.430;;6,7;0:02.670;;7,7;0:02.050;;7,1;0:02.170;
8,3;0:02.440;;7,1;0:02.680;;6,7;0:02.060;;7,1;0:02.180;
8,3;0:02.450;;14,3;0:02.700;;7,1;0:02.070;;7,1;0:02.190;
16,7;0:02.470;;7,7;0:02.710;;7,1;0:02.080;;7,1;0:02.200;
8,3;0:02.480;;7,1;0:02.720;;7,7;0:02.090;;7,1;0:02.210;
7,7;0:02.490;;15,4;0:02.740;;7,7;0:02.100;;7,1;0:02.220;
7,7;0:02.500;;7,1;0:02.750;;7,7;0:02.110;;7,1;0:02.230;
7,7;0:02.510;;7,7;0:02.760;;7,7;0:02.120;;7,1;0:02.240;
8,3;0:02.520;;7,7;0:02.770;;6,7;0:02.130;;5,9;0:02.250;
7,7;0:02.530;;7,7;0:02.780;;7,7;0:02.140;;7,1;0:02.260;
7,7;0:02.540;;7,7;0:02.790;;7,7;0:02.150;;7,1;0:02.270;
7,7;0:02.550;;7,7;0:02.800;;7,7;0:02.160;;7,1;0:02.280;
15,4;0:02.570;;7,7;0:02.810;;7,7;0:02.170;;7,7;0:02.290;
7,7;0:02.580;;7,7;0:02.820;;6,7;0:02.180;;5,9;0:02.300;
8,3;0:02.590;;7,7;0:02.830;;7,7;0:02.190;;7,1;0:02.310;
7,7;0:02.600;;7,1;0:02.840;;7,7;0:02.200;;7,1;0:02.320;
7,7;0:02.610;;7,7;0:02.850;;7,1;0:02.210;;7,1;0:02.330;
7,7;0:02.620;;7,7;0:02.860;;7,7;0:02.220;;6,7;0:02.340;
7,7;0:02.630;;7,7;0:02.870;;7,7;0:02.230;;6,7;0:02.350;
8,3;0:02.640;;7,7;0:02.880;;7,7;0:02.240;;5,9;0:02.360;
8,3;0:02.650;;7,7;0:02.890;;7,1;0:02.250;;4,2;0:02.370;
8,3;0:02.660;;7,7;0:02.900;;7,7;0:02.260;;7,1;0:02.380;
8,3;0:02.670;;7,7;0:02.910;;15,4;0:02.280;;7,1;0:02.390;
8,3;0:02.680;;7,7;0:02.920;;7,1;0:02.290;;7,1;0:02.400;
7,7;0:02.690;;7,7;0:02.930;;7,7;0:02.300;;7,1;0:02.410;
8,3;0:02.700;;7,7;0:02.940;;7,1;0:02.310;;7,1;0:02.420;
7,7;0:02.710;;7,1;0:02.950;;7,7;0:02.320;;7,1;0:02.430;
7,7;0:02.720;;7,7;0:02.960;;15,4;0:02.340;;7,1;0:02.440;
15,4;0:02.740;;7,1;0:02.970;;7,7;0:02.350;;6,7;0:02.450;
8,3;0:02.750;;7,1;0:02.980;;7,7;0:02.360;;6,7;0:02.460;
8,3;0:02.760;;7,7;0:02.990;;7,7;0:02.370;;7,1;0:02.470;
8,3;0:02.770;;7,7;0:03.000;;7,7;0:02.380;;7,1;0:02.480;
7,7;0:02.780;;7,1;0:03.010;;7,7;0:02.390;;7,1;0:02.490;
8,3;0:02.790;;7,7;0:03.020;;7,7;0:02.400;;14,3;0:02.510;
8,3;0:02.800;;7,1;0:03.030;;7,1;0:02.410;;7,1;0:02.520;
16,7;0:02.820;;7,7;0:03.040;;7,1;0:02.420;;7,1;0:02.530;
7,7;0:02.830;;7,7;0:03.050;;7,7;0:02.430;;6,2;0:02.540;
7,7;0:02.840;;7,7;0:03.060;;7,7;0:02.440;;7,1;0:02.550;
7,7;0:02.850;;7,7;0:03.070;;15,4;0:02.460;;7,1;0:02.560;
8,3;0:02.860;;7,7;0:03.080;;7,7;0:02.470;;7,1;0:02.570;
8,3;0:02.870;;7,7;0:03.090;;7,7;0:02.480;;6,7;0:02.580;
8,3;0:02.880;;7,7;0:03.100;;7,7;0:02.490;;7,1;0:02.590;
8,3;0:02.890;;7,7;0:03.110;;7,7;0:02.500;;7,1;0:02.600;
7,7;0:02.900;;7,7;0:03.120;;7,7;0:02.510;;7,1;0:02.610;
8,3;0:02.910;;7,7;0:03.130;;7,1;0:02.520;;6,2;0:02.620;
7,7;0:02.920;;7,7;0:03.140;;7,7;0:02.530;;7,1;0:02.630;
8,3;0:02.930;;7,1;0:03.150;;7,1;0:02.540;;7,1;0:02.640;
8,3;0:02.940;;7,7;0:03.160;;7,7;0:02.550;;7,1;0:02.650;
8,3;0:02.950;;7,7;0:03.170;;7,7;0:02.560;;7,7;0:02.660;
7,7;0:02.960;;7,1;0:03.180;;7,7;0:02.570;;7,1;0:02.670;
8,3;0:02.970;;7,7;0:03.190;;7,7;0:02.580;;7,1;0:02.680;
8,3;0:02.980;;7,7;0:03.200;;7,7;0:02.590;;7,1;0:02.690;
8,3;0:02.990;;7,7;0:03.210;;7,7;0:02.600;;7,1;0:02.700;
8,3;0:03.000;;7,1;0:03.220;;7,7;0:02.610;;6,7;0:02.710;
8,3;0:03.010;;7,1;0:03.230;;8,3;0:02.620;;7,1;0:02.720;
7,7;0:03.020;;7,7;0:03.240;;7,1;0:02.630;;13,3;0:02.740;
8,3;0:03.030;;7,7;0:03.250;;7,7;0:02.640;;7,1;0:02.750;
7,7;0:03.040;;7,1;0:03.260;;7,1;0:02.650;;7,1;0:02.760;
8,3;0:03.050;;7,1;0:03.270;;7,7;0:02.660;;7,1;0:02.770;
7,7;0:03.060;;7,7;0:03.280;;7,1;0:02.670;;6,7;0:02.780;
7,7;0:03.070;;7,7;0:03.290;;7,7;0:02.680;;6,7;0:02.790;
8,3;0:03.080;;7,7;0:03.300;;7,7;0:02.690;;6,7;0:02.800;
8,3;0:03.090;;7,1;0:03.310;;7,7;0:02.700;;7,1;0:02.810;
7,7;0:03.100;;7,1;0:03.320;;7,7;0:02.710;;7,1;0:02.820;
7,7;0:03.110;;7,7;0:03.330;;7,7;0:02.720;;6,2;0:02.830;
8,3;0:03.120;;7,7;0:03.340;;7,7;0:02.730;;6,7;0:02.840;
7,7;0:03.130;;7,7;0:03.350;;7,7;0:02.740;;7,1;0:02.850;
8,3;0:03.140;;7,7;0:03.360;;7,7;0:02.750;;7,1;0:02.860;
8,3;0:03.150;;7,7;0:03.370;;7,1;0:02.760;;6,7;0:02.870;
8,3;0:03.160;;7,7;0:03.380;;14,3;0:02.780;;7,1;0:02.880;
7,7;0:03.170;;7,7;0:03.390;;7,7;0:02.790;;6,2;0:02.890;
7,7;0:03.180;;7,7;0:03.400;;7,7;0:02.800;;7,1;0:02.900;
7,7;0:03.190;;7,7;0:03.410;;7,1;0:02.810;;6,7;0:02.910;
7,7;0:03.200;;7,7;0:03.420;;7,1;0:02.820;;6,7;0:02.920;
8,3;0:03.210;;7,1;0:03.430;;7,7;0:02.830;;6,2;0:02.930;
8,3;0:03.220;;7,1;0:03.440;;7,1;0:02.840;;6,7;0:02.940;
8,3;0:03.230;;7,7;0:03.450;;7,1;0:02.850;;6,7;0:02.950;
8,3;0:03.240;;7,1;0:03.460;;7,1;0:02.860;;6,7;0:02.960;
7,7;0:03.250;;7,7;0:03.470;;7,7;0:02.870;;6,2;0:02.970;
8,3;0:03.260;;7,7;0:03.480;;7,7;0:02.880;;6,2;0:02.980;
8,3;0:03.270;;7,7;0:03.490;;7,7;0:02.890;;7,1;0:02.990;
7,7;0:03.280;;7,7;0:03.500;;7,7;0:02.900;;6,7;0:03.000;
7,7;0:03.290;;7,7;0:03.510;;7,7;0:02.910;;7,1;0:03.010;
8,3;0:03.300;;7,7;0:03.520;;7,1;0:02.920;;6,7;0:03.020;
7,7;0:03.310;;7,1;0:03.530;;7,1;0:02.930;;7,1;0:03.030;
8,3;0:03.320;;7,7;0:03.540;;7,7;0:02.940;;14,3;0:03.050;
8,3;0:03.330;;7,7;0:03.550;;7,7;0:02.950;;6,7;0:03.060;
8,3;0:03.340;;7,7;0:03.560;;7,7;0:02.960;;7,1;0:03.070;
8,3;0:03.350;;7,7;0:03.570;;7,7;0:02.970;;7,1;0:03.080;
7,7;0:03.360;;15,4;0:03.590;;7,7;0:02.980;;7,1;0:03.090;
8,3;0:03.370;;21,4;0:03.620;;7,7;0:02.990;;7,1;0:03.100;
7,7;0:03.380;;21,4;0:03.650;;7,1;0:03.000;;7,1;0:03.110;
7,7;0:03.390;;21,4;0:03.680;;7,1;0:03.010;;7,1;0:03.120;
8,3;0:03.400;;23,1;0:03.710;;7,1;0:03.020;;7,1;0:03.130;
7,7;0:03.410;;21,4;0:03.740;;7,7;0:03.030;;7,1;0:03.140;
8,3;0:03.420;;23,1;0:03.770;;7,7;0:03.040;;7,1;0:03.150;
8,3;0:03.430;;28,6;0:03.810;;7,7;0:03.050;;7,1;0:03.160;
7,7;0:03.440;;21,4;0:03.840;;7,7;0:03.060;;7,1;0:03.170;
7,7;0:03.450;;21,4;0:03.870;;7,7;0:03.070;;6,7;0:03.180;
8,3;0:03.460;;28,6;0:03.910;;7,7;0:03.080;;7,1;0:03.190;
8,3;0:03.470;;18,8;0:03.940;;7,7;0:03.090;;6,7;0:03.200;
7,7;0:03.480;;21,4;0:03.970;;7,7;0:03.100;;7,1;0:03.210;
8,3;0:03.490;;21,4;0:04.000;;7,7;0:03.110;;7,1;0:03.220;
8,3;0:03.500;;20;0:04.030;;7,7;0:03.120;;7,1;0:03.230;
8,3;0:03.510;;35,7;0:04.080;;7,1;0:03.130;;6,7;0:03.240;
8,3;0:03.520;;20;0:04.110;;7,1;0:03.140;;7,1;0:03.250;
7,7;0:03.530;;30,8;0:04.150;;7,7;0:03.150;;6,7;0:03.260;
7,7;0:03.540;;21,4;0:04.180;;15,4;0:03.170;;7,1;0:03.270;
7,7;0:03.550;;26,7;0:04.220;;7,7;0:03.180;;6,7;0:03.280;
7,7;0:03.560;;38,5;0:04.270;;7,7;0:03.190;;7,1;0:03.290;
8,3;0:03.570;;50;0:04.350;;7,1;0:03.200;;6,7;0:03.300;
8,3;0:03.580;;13,3;0:04.370;;7,1;0:03.210;;7,1;0:03.310;
8,3;0:03.590;;23,5;0:04.410;;7,7;0:03.220;;7,1;0:03.320;
8,3;0:03.600;;60;0:04.500;;7,1;0:03.230;;7,1;0:03.330;
23,1;0:03.630;;50;0:04.580;;7,7;0:03.240;;6,7;0:03.340;
16,7;0:03.650;;46,7;0:04.650;;7,1;0:03.250;;14,3;0:03.360;
15,4;0:03.670;;53,3;0:04.730;;7,7;0:03.260;;6,7;0:03.370;
30,8;0:03.710;;64,3;0:04.820;;7,7;0:03.270;;7,1;0:03.380;
16,7;0:03.730;;50;0:04.900;;7,1;0:03.280;;7,1;0:03.390;
30,8;0:03.770;;62,5;0:05.000;;7,1;0:03.290;;7,1;0:03.400;
23,1;0:03.800;;80;0:05.120;;7,1;0:03.300;;6,7;0:03.410;
23,1;0:03.830;;40;0:05.200;;15,4;0:03.320;;7,1;0:03.420;
16,7;0:03.850;;60;0:05.290;;7,7;0:03.330;;7,1;0:03.430;
23,1;0:03.880;;60;0:05.380;;7,7;0:03.340;;7,1;0:03.440;
25;0:03.910;;57,1;0:05.460;;7,1;0:03.350;;7,1;0:03.450;
23,1;0:03.940;;57,1;0:05.540;;7,7;0:03.360;;7,1;0:03.460;
33,3;0:03.980;;53,3;0:05.620;;7,7;0:03.370;;6,7;0:03.470;
25;0:04.010;;66,7;0:05.720;;7,1;0:03.380;;6,7;0:03.480;
21,4;0:04.040;;60;0:05.810;;7,7;0:03.390;;7,1;0:03.490;
30,8;0:04.080;;56,2;0:05.900;;7,1;0:03.400;;6,2;0:03.500;
21,4;0:04.110;;47,1;0:05.980;;7,7;0:03.410;;7,7;0:03.510;
30,8;0:04.150;;66,7;0:06.080;;7,1;0:03.420;;7,1;0:03.520;
28,6;0:04.190;;47,1;0:06.160;;7,7;0:03.430;;14,3;0:03.540;
28,6;0:04.230;;53,3;0:06.240;;7,7;0:03.440;;7,1;0:03.550;
53,8;0:04.300;;60;0:06.330;;7,7;0:03.450;;6,7;0:03.560;
42,9;0:04.360;;53,3;0:06.410;;7,1;0:03.460;;7,1;0:03.570;
33,3;0:04.400;;60;0:06.500;;7,7;0:03.470;;7,1;0:03.580;
42,9;0:04.460;;53,3;0:06.580;;7,7;0:03.480;;7,1;0:03.590;
50;0:04.520;;53,3;0:06.660;;7,1;0:03.490;;7,1;0:03.600;
61,5;0:04.600;;66,7;0:06.760;;7,7;0:03.500;;17,6;0:03.630;
46,7;0:04.670;;64,3;0:06.850;;7,1;0:03.510;;18,8;0:03.660;
78,6;0:04.780;;60;0:06.940;;7,7;0:03.520;;23,5;0:03.700;
46,7;0:04.850;;64,3;0:07.030;;7,7;0:03.530;;21,4;0:03.730;
50;0:04.920;;56,2;0:07.120;;7,7;0:03.540;;31,2;0:03.780;
61,5;0:05.000;;73,3;0:07.230;;7,1;0:03.550;;17,6;0:03.810;
66,7;0:05.080;;50;0:07.320;;7,7;0:03.560;;20;0:03.840;
60;0:05.170;;60;0:07.410;;7,7;0:03.570;;17,6;0:03.870;
57,1;0:05.250;;73,3;0:07.520;;7,1;0:03.580;;26,7;0:03.910;
61,5;0:05.330;;50;0:07.610;;7,7;0:03.590;;26,7;0:03.950;
53,3;0:05.410;;64,3;0:07.700;;7,1;0:03.600;;18,8;0:03.980;
53,8;0:05.480;;66,7;0:07.800;;30,8;0:03.640;;26,7;0:04.020;
61,5;0:05.560;;46,7;0:07.870;;18,8;0:03.670;;26,7;0:04.060;
61,5;0:05.640;;66,7;0:07.970;;30,8;0:03.710;;25;0:04.100;
57,1;0:05.720;;53,3;0:08.050;;26,7;0:03.750;;25;0:04.140;
61,5;0:05.800;;57,1;0:08.130;;26,7;0:03.790;;18,8;0:04.170;
71,4;0:05.900;;53,3;0:08.210;;20;0:03.820;;26,7;0:04.210;
60;0:05.990;;71,4;0:08.310;;21,4;0:03.850;;28,6;0:04.250;
64,3;0:06.080;;50;0:08.380;;20;0:03.880;;38,9;0:04.320;
43,8;0:06.150;;66,7;0:08.480;;20;0:03.910;;50;0:04.400;
61,5;0:06.230;;53,3;0:08.560;;28,6;0:03.950;;50;0:04.480;
57,1;0:06.310;;57,1;0:08.640;;20;0:03.980;;62,5;0:04.580;
64,3;0:06.400;;64,3;0:08.730;;28,6;0:04.020;;37,5;0:04.640;
69,2;0:06.490;;62,5;0:08.830;;20;0:04.050;;37,5;0:04.700;
61,5;0:06.570;;73,3;0:08.940;;21,4;0:04.080;;47,4;0:04.790;
53,3;0:06.650;;35,3;0:09.000;;18,8;0:04.110;;43,8;0:04.860;
61,5;0:06.730;;56,2;0:09.090;;20;0:04.140;;62,5;0:04.960;
61,5;0:06.810;;53,3;0:09.170;;26,7;0:04.180;;52,6;0:05.060;
57,1;0:06.890;;64,3;0:09.260;;33,3;0:04.230;;41,2;0:05.130;
71,4;0:06.990;;50;0:09.340;;50;0:04.300;;43,8;0:05.200;
64,3;0:07.080;;60;0:09.430;;40;0:04.360;;52,9;0:05.290;
50;0:07.150;;64,3;0:09.520;;60;0:04.450;;43,8;0:05.360;
73,3;0:07.260;;71,4;0:09.620;;50;0:04.520;;62,5;0:05.460;
50;0:07.330;;66,7;0:09.720;;53,3;0:04.600;;55,6;0:05.560;
61,5;0:07.410;;62,5;0:09.820;;62,5;0:04.700;;47,1;0:05.640;
53,8;0:07.480;;46,7;0:09.890;;50;0:04.780;;50;0:05.720;
53,8;0:07.550;;56,2;0:09.980;;66,7;0:04.880;;40;0:05.780;
46,2;0:07.610;;52,9;0:10.070;;47,1;0:04.960;;50;0:05.860;
69,2;0:07.700;;71,4;0:10.170;;50;0:05.030;;44,4;0:05.940;
64,3;0:07.790;;56,2;0:10.260;;56,2;0:05.120;;52,9;0:06.030;
53,3;0:07.870;;66,7;0:10.360;;50;0:05.200;;46,7;0:06.100;
60;0:07.960;;78,6;0:10.470;;50;0:05.270;;44,4;0:06.180;
71,4;0:08.060;;62,5;0:10.570;;60;0:05.360;;43,8;0:06.250;
50;0:08.130;;60;0:10.660;;40;0:05.420;;73,3;0:06.360;
58,3;0:08.200;;60;0:10.750;;64,3;0:05.510;;42,1;0:06.440;
61,5;0:08.280;;60;0:10.840;;53,3;0:05.590;;47,1;0:06.520;
64,3;0:08.370;;69,2;0:10.930;;43,8;0:05.660;;55,6;0:06.620;
61,5;0:08.450;;56,2;0:11.020;;53,3;0:05.740;;52,9;0:06.710;
57,1;0:08.530;;73,3;0:11.130;;43,8;0:05.810;;58,8;0:06.810;
83,3;0:08.630;;50;0:11.200;;50;0:05.880;;50;0:06.890;
61,5;0:08.710;;60;0:11.290;;56,2;0:05.970;;50;0:06.970;
50;0:08.780;;56,2;0:11.380;;53,3;0:06.050;;56,2;0:07.060;
66,7;0:08.860;;53,3;0:11.460;;37,5;0:06.110;;47,1;0:07.140;
53,3;0:08.940;;66,7;0:11.560;;43,8;0:06.180;;46,7;0:07.210;
53,8;0:09.010;;46,7;0:11.630;;64,3;0:06.270;;47,1;0:07.290;
69,2;0:09.100;;71,4;0:11.730;;43,8;0:06.340;;50;0:07.370;
50;0:09.180;;56,2;0:11.820;;57,1;0:06.420;;60;0:07.460;
69,2;0:09.270;;43,8;0:11.890;;60;0:06.510;;58,8;0:07.560;
61,5;0:09.350;;64,3;0:11.980;;60;0:06.600;;44,4;0:07.640;
50;0:09.420;;60;0:12.070;;47,1;0:06.680;;33,3;0:07.690;
76,9;0:09.520;;57,1;0:12.150;;53,3;0:06.760;;53,3;0:07.770;
53,8;0:09.590;;56,2;0:12.240;;50;0:06.840;;52,9;0:07.860;
69,2;0:09.680;;53,3;0:12.320;;47,1;0:06.920;;58,8;0:07.960;
64,3;0:09.770;;62,5;0:12.420;;53,3;0:07.000;;56,2;0:08.050;
69,2;0:09.860;;60;0:12.510;;57,1;0:07.080;;42,1;0:08.130;
46,7;0:09.930;;73,3;0:12.620;;60;0:07.170;;53,3;0:08.210;
66,7;0:10.010;;60;0:12.710;;41,2;0:07.240;;56,2;0:08.300;
57,1;0:10.090;;56,2;0:12.800;;78,6;0:07.350;;41,2;0:08.370;
53,8;0:10.160;;43,8;0:12.870;;40;0:07.410;;56,2;0:08.460;
69,2;0:10.250;;60;0:12.960;;42,9;0:07.470;;44,4;0:08.540;
35,7;0:10.300;;64,3;0:13.050;;50;0:07.540;;50;0:08.620;
69,2;0:10.390;;58,8;0:13.150;;43,8;0:07.610;;47,1;0:08.700;
57,1;0:10.470;;78,6;0:13.260;;60;0:07.700;;47,1;0:08.780;
57,1;0:10.550;;56,2;0:13.350;;53,3;0:07.780;;73,3;0:08.890;
61,5;0:10.630;;46,7;0:13.420;;43,8;0:07.850;;42,9;0:08.980;
61,5;0:10.710;;71,4;0:13.520;;46,7;0:07.920;;50;0:09.060;
46,2;0:10.770;;56,2;0:13.610;;64,3;0:08.010;;58,8;0:09.160;
61,5;0:10.850;;50;0:13.690;;53,3;0:08.090;;43,8;0:09.230;
69,2;0:10.940;;60;0:13.780;;53,3;0:08.170;;47,1;0:09.310;
57,1;0:11.020;;64,3;0:13.870;;41,2;0:08.240;;56,2;0:09.400;
46,7;0:11.090;;60;0:13.960;;43,8;0:08.310;;41,2;0:09.470;
64,3;0:11.180;;64,3;0:14.050;;46,7;0:08.380;;53,3;0:09.550;
64,3;0:11.270;;46,7;0:14.120;;50;0:08.460;;55,6;0:09.650;
50;0:11.350;;64,3;0:14.210;;64,3;0:08.550;;44,4;0:09.730;
53,3;0:11.430;;46,7;0:14.280;;41,2;0:08.620;;53,3;0:09.810;
57,1;0:11.510;;57,1;0:14.360;;43,8;0:08.690;;60;0:09.900;
64,3;0:11.600;;50;0:14.440;;53,3;0:08.770;;41,2;0:09.970;
57,1;0:11.680;;50;0:14.510;;60;0:08.860;;56,2;0:10.060;
69,2;0:11.770;;71,4;0:14.610;;56,2;0:08.950;;55,6;0:10.160;
64,3;0:11.860;;53,3;0:14.690;;46,7;0:09.020;;55,6;0:10.260;
75;0:11.980;;71,4;0:14.790;;43,8;0:09.090;;52,4;0:10.370;
62,5;0:12.080;;50;0:14.880;;56,2;0:09.180;;42,1;0:10.450;
73,3;0:12.190;;64,7;0:14.990;;38,9;0:09.250;;62,5;0:10.550;
46,7;0:12.260;;62,5;0:15.090;;46,7;0:09.320;;52,9;0:10.640;
46,2;0:12.320;;56,2;0:15.180;;50;0:09.390;;52,9;0:10.730;
56,2;0:12.410;;31,2;0:15.230;;57,1;0:09.470;;75;0:10.850;
76,9;0:12.510;;50;0:15.300;;57,1;0:09.550;;47,4;0:10.940;
66,7;0:12.610;;61,5;0:15.380;;62,5;0:09.650;;58,8;0:11.040;
40;0:12.670;;60;0:15.470;;57,1;0:09.730;;40;0:11.100;
60;0:12.760;;62,5;0:15.570;;50;0:09.810;;56,2;0:11.190;
53,8;0:12.830;;50;0:15.650;;42,9;0:09.870;;66,7;0:11.290;
53,8;0:12.900;;62,5;0:15.750;;53,3;0:09.950;;50;0:11.370;
64,3;0:12.990;;64,3;0:15.840;;53,3;0:10.030;;58,8;0:11.470;
92,3;0:13.110;;60;0:15.930;;47,1;0:10.110;;50;0:11.550;
52,9;0:13.200;;64,3;0:16.020;;46,7;0:10.180;;47,1;0:11.630;
69,2;0:13.290;;56,2;0:16.110;;66,7;0:10.280;;43,8;0:11.700;
85,7;0:13.410;;53,3;0:16.190;;38,9;0:10.350;;52,9;0:11.790;
73,3;0:13.520;;66,7;0:16.290;;46,7;0:10.420;;73,3;0:11.900;
43,8;0:13.590;;68,8;0:16.400;;57,1;0:10.500;;47,1;0:11.980;
46,2;0:13.650;;56,2;0:16.490;;46,7;0:10.570;;75;0:12.100;
76,9;0:13.750;;53,3;0:16.570;;60;0:10.660;;43,8;0:12.170;
43,8;0:13.820;;60;0:16.660;;42,1;0:10.740;;62,5;0:12.270;
64,3;0:13.910;;71,4;0:16.760;;50;0:10.810;;37,5;0:12.330;
76,9;0:14.010;;53,3;0:16.840;;46,7;0:10.880;;60;0:12.420;
66,7;0:14.110;;73,3;0:16.950;;40;0:10.940;;50;0:12.500;
50;0:14.190;;52,9;0:17.040;;64,3;0:11.030;;60;0:12.590;
64,3;0:14.280;;53,3;0:17.120;;41,2;0:11.100;;47,1;0:12.670;
53,8;0:14.350;;60;0:17.210;;46,7;0:11.170;;58,8;0:12.770;
46,2;0:14.410;;53,3;0:17.290;;56,2;0:11.260;;29,4;0:12.820;
53,8;0:14.480;;46,7;0:17.360;;50;0:11.330;;66,7;0:12.920;
57,1;0:14.560;;78,6;0:17.470;;53,3;0:11.410;;47,1;0:13.000;
75;0:14.650;;58,8;0:17.570;;53,3;0:11.490;;52,9;0:13.090;
53,3;0:14.730;;46,7;0:17.640;;57,1;0:11.570;;66,7;0:13.190;
69,2;0:14.820;;64,3;0:17.730;;62,5;0:11.670;;52,9;0:13.280;
53,8;0:14.890;;66,7;0:17.830;;37,5;0:11.730;;42,1;0:13.360;
69,2;0:14.980;;64,3;0:17.920;;57,1;0:11.810;;66,7;0:13.460;
61,5;0:15.060;;71,4;0:18.020;;57,1;0:11.890;;50;0:13.540;
57,1;0:15.140;;66,7;0:18.120;;46,7;0:11.960;;47,1;0:13.620;
61,5;0:15.220;;46,7;0:18.190;;60;0:12.050;;52,9;0:13.710;
64,3;0:15.310;;64,3;0:18.280;;40;0:12.110;;50;0:13.790;
50;0:15.390;;53,3;0:18.360;;66,7;0:12.210;;52,9;0:13.880;
57,1;0:15.470;;50;0:18.430;;50;0:12.290;;50;0:13.970;
53,3;0:15.550;;42,9;0:18.490;;38,9;0:12.360;;56,2;0:14.060;
64,3;0:15.640;;64,7;0:18.600;;37,5;0:12.420;;64,7;0:14.170;
64,3;0:15.730;;53,3;0:18.680;;60;0:12.510;;50;0:14.260;
71,4;0:15.830;;71,4;0:18.780;;42,9;0:12.570;;62,5;0:14.360;
66,7;0:15.930;;64,3;0:18.870;;53,3;0:12.650;;44,4;0:14.440;
60;0:16.020;;60;0:18.960;;46,7;0:12.720;;50;0:14.520;
53,3;0:16.100;;66,7;0:19.060;;50;0:12.800;;66,7;0:14.620;
57,1;0:16.180;;53,3;0:19.140;;50;0:12.880;;47,1;0:14.700;
53,8;0:16.250;;53,3;0:19.220;;56,2;0:12.970;;62,5;0:14.800;
64,3;0:16.340;;71,4;0:19.320;;60;0:13.060;;47,1;0:14.880;
57,1;0:16.420;;53,3;0:19.400;;41,2;0:13.130;;56,2;0:14.970;
69,2;0:16.510;;57,1;0:19.480;;42,9;0:13.190;;58,8;0:15.070;
50;0:16.590;;64,3;0:19.570;;50;0:13.260;;56,2;0:15.160;
53,8;0:16.660;;66,7;0:19.670;;56,2;0:13.350;;55,6;0:15.260;
50;0:16.730;;50;0:19.750;;57,1;0:13.430;;70,6;0:15.380;
61,5;0:16.810;;71,4;0:19.850;;40;0:13.490;;50;0:15.460;
61,5;0:16.890;;50;0:19.930;;57,1;0:13.570;;58,8;0:15.560;
64,3;0:16.980;;71,4;0:20.030;;40;0:13.630;;56,2;0:15.650;
61,5;0:17.060;;53,3;0:20.110;;71,4;0:13.730;;58,8;0:15.750;
64,3;0:17.150;;53,3;0:20.190;;41,2;0:13.800;;42,1;0:15.830;
42,9;0:17.210;;66,7;0:20.290;;40;0:13.860;;44,4;0:15.910;
53,8;0:17.280;;62,5;0:20.390;;60;0:13.950;;50;0:15.990;
53,8;0:17.350;;57,1;0:20.470;;46,7;0:14.020;;52,9;0:16.080;
71,4;0:17.450;;60;0:20.560;;50;0:14.100;;47,1;0:16.160;
50;0:17.520;;78,6;0:20.670;;71,4;0:14.200;;75;0:16.280;
60;0:17.610;;78,6;0:20.780;;56,2;0:14.290;;50;0:16.370;
64,3;0:17.700;;50;0:20.860;;60;0:14.380;;47,1;0:16.450;
64,3;0:17.790;;66,7;0:20.960;;50;0:14.460;;58,8;0:16.550;
69,2;0:17.880;;53,3;0:21.040;;68,8;0:14.570;;52,9;0:16.640;
57,1;0:17.960;;42,9;0:21.100;;37,5;0:14.630;;45;0:16.730;
69,2;0:18.050;;76,9;0:21.200;;53,3;0:14.710;;50;0:16.810;
73,3;0:18.160;;64,7;0:21.310;;56,2;0:14.800;;56,2;0:16.900;
53,3;0:18.240;;58,8;0:21.410;;71,4;0:14.900;;46,7;0:16.970;
64,3;0:18.330;;56,2;0:21.500;;37,5;0:14.960;;68,8;0:17.080;
57,1;0:18.410;;53,3;0:21.580;;73,3;0:15.070;;52,9;0:17.170;
69,2;0:18.500;;66,7;0:21.680;;46,7;0:15.140;;58,8;0:17.270;
58,3;0:18.570;;64,3;0:21.770;;53,3;0:15.220;;62,5;0:17.370;
61,5;0:18.650;;71,4;0:21.870;;73,3;0:15.330;;58,8;0:17.470;
57,1;0:18.730;;78,6;0:21.980;;53,3;0:15.410;;52,9;0:17.560;
57,1;0:18.810;;56,2;0:22.070;;46,7;0:15.480;;64,7;0:17.670;
53,8;0:18.880;;71,4;0:22.170;;50;0:15.560;;50;0:17.750;
76,9;0:18.980;;56,2;0:22.260;;43,8;0:15.630;;75;0:17.870;
60;0:19.070;;46,7;0:22.330;;62,5;0:15.730;;47,1;0:17.950;
61,5;0:19.150;;64,3;0:22.420;;50;0:15.820;;68,8;0:18.060;
66,7;0:19.230;;60;0:22.510;;52,9;0:15.910;;47,4;0:18.150;
64,3;0:19.320;;60;0:22.600;;50;0:15.990;;55,6;0:18.250;
84,6;0:19.430;;62,5;0:22.700;;41,2;0:16.060;;68,8;0:18.360;
50;0:19.500;;56,2;0:22.790;;50;0:16.130;;55,6;0:18.460;
50;0:19.570;;60;0:22.880;;46,7;0:16.200;;62,5;0:18.560;
69,2;0:19.660;;71,4;0:22.980;;55,6;0:16.300;;50;0:18.640;
83,3;0:19.760;;62,5;0:23.080;;50;0:16.380;;68,8;0:18.750;
50;0:19.840;;62,5;0:23.180;;41,2;0:16.450;;50;0:18.840;
57,1;0:19.920;;60;0:23.270;;29,4;0:16.500;;61,1;0:18.950;
84,6;0:20.030;;64,3;0:23.360;;60;0:16.590;;55,6;0:19.050;
53,3;0:20.110;;64,7;0:23.470;;44,4;0:16.670;;47,1;0:19.130;
57,1;0:20.190;;60;0:23.560;;46,7;0:16.740;;73,3;0:19.240;
57,1;0:20.270;;46,7;0:23.630;;57,1;0:16.820;;52,9;0:19.330;
35,7;0:20.320;;53,3;0:23.710;;43,8;0:16.890;;35,3;0:19.390;
53,8;0:20.390;;57,1;0:23.790;;44,4;0:16.970;;62,5;0:19.490;
69,2;0:20.480;;66,7;0:23.890;;43,8;0:17.040;;52,9;0:19.580;
57,1;0:20.560;;62,5;0:23.990;;25;0:17.080;;58,8;0:19.680;
69,2;0:20.650;;66,7;0:24.090;;43,8;0:17.150;;62,5;0:19.780;
64,3;0:20.740;;43,8;0:24.160;;37,5;0:17.210;;61,1;0:19.890;
64,3;0:20.830;;56,2;0:24.250;;31,2;0:17.260;;44,4;0:19.970;
57,1;0:20.910;;57,1;0:24.330;;53,3;0:17.340;;62,5;0:20.070;
69,2;0:21.000;;64,3;0:24.420;;41,2;0:17.410;;58,8;0:20.170;
53,3;0:21.080;;56,2;0:24.510;;47,1;0:17.490;;53,3;0:20.250;
58,3;0:21.150;;43,8;0:24.580;;56,2;0:17.580;;56,2;0:20.340;
61,5;0:21.230;;64,3;0:24.670;;66,7;0:17.680;;62,5;0:20.440;
66,7;0:21.330;;64,3;0:24.760;;50;0:17.760;;43,8;0:20.510;
46,7;0:21.400;;52,9;0:24.850;;60;0:17.850;;58,8;0:20.610;
53,8;0:21.470;;56,2;0:24.940;;50;0:17.930;;56,2;0:20.700;
42,9;0:21.530;;64,3;0:25.030;;61,1;0:18.040;;43,8;0:20.770;
50;0:21.590;;66,7;0:25.130;;52,6;0:18.140;;60;0:20.860;
76,9;0:21.690;;64,3;0:25.220;;50;0:18.220;;41,2;0:20.930;
60;0:21.780;;60;0:25.310;;41,2;0:18.290;;75;0:21.050;
43,8;0:21.850;;56,2;0:25.400;;43,8;0:18.360;;64,7;0:21.160;
53,8;0:21.920;;57,1;0:25.480;;62,5;0:18.460;;61,1;0:21.270;
76,9;0:22.020;;60;0:25.570;;38,9;0:18.530;;46,7;0:21.340;
57,1;0:22.100;;64,3;0:25.660;;56,2;0:18.620;;52,9;0:21.430;
61,5;0:22.180;;56,2;0:25.750;;52,9;0:18.710;;64,7;0:21.540;
57,1;0:22.260;;52,9;0:25.840;;43,8;0:18.780;;47,1;0:21.620;
42,9;0:22.320;;66,7;0:25.940;;35,3;0:18.840;;50;0:21.700;
50;0:22.390;;57,1;0:26.020;;53,3;0:18.920;;50;0:21.780;
69,2;0:22.480;;60;0:26.110;;47,1;0:19.000;;60;0:21.870;
46,2;0:22.540;;60;0:26.200;;37,5;0:19.060;;58,8;0:21.970;
71,4;0:22.640;;66,7;0:26.300;;37,5;0:19.120;;50;0:22.050;
71,4;0:22.740;;75;0:26.420;;50;0:19.200;;43,8;0:22.120;
60;0:22.830;;50;0:26.510;;50;0:19.280;;56,2;0:22.210;
64,3;0:22.920;;50;0:26.580;;35,3;0:19.340;;52,9;0:22.300;
69,2;0:23.010;;53,3;0:26.660;;50;0:19.410;;50;0:22.390;
64,3;0:23.100;;56,2;0:26.750;;41,2;0:19.480;;56,2;0:22.480;
66,7;0:23.200;;78,6;0:26.860;;50;0:19.560;;58,8;0:22.580;
64,3;0:23.290;;64,3;0:26.950;;50;0:19.640;;50;0:22.670;
46,2;0:23.350;;47,1;0:27.030;;50;0:19.720;;68,8;0:22.780;
69,2;0:23.440;;64,3;0:27.120;;60;0:19.810;;50;0:22.860;
53,8;0:23.510;;56,2;0:27.210;;50;0:19.890;;80;0:22.980;
69,2;0:23.600;;57,1;0:27.290;;47,1;0:19.970;;50;0:23.070;
64,3;0:23.690;;75;0:27.410;;43,8;0:20.040;;50;0:23.150;
64,3;0:23.780;;43,8;0:27.480;;53,3;0:20.120;;60;0:23.240;
57,1;0:23.860;;66,7;0:27.580;;52,9;0:20.210;;50;0:23.330;
61,5;0:23.940;;68,8;0:27.690;;33,3;0:20.260;;50;0:23.410;
71,4;0:24.040;;64,3;0:27.780;;53,3;0:20.340;;58,8;0:23.510;
61,5;0:24.120;;50;0:27.850;;60;0:20.430;;56,2;0:23.600;
64,3;0:24.210;;64,3;0:27.940;;44,4;0:20.510;;55,6;0:23.700;
42,9;0:24.270;;50;0:28.010;;56,2;0:20.600;;53,3;0:23.780;
53,8;0:24.340;;50;0:28.080;;46,7;0:20.670;;50;0:23.860;
71,4;0:24.440;;64,3;0:28.170;;23,5;0:20.710;;56,2;0:23.950;
76,9;0:24.540;;62,5;0:28.270;;40;0:20.770;;50;0:24.030;
71,4;0:24.640;;58,8;0:28.370;;40;0:20.830;;50;0:24.110;
57,1;0:24.720;;80;0:28.490;;43,8;0:20.900;;50;0:24.190;
76,9;0:24.820;;50;0:28.570;;64,3;0:20.990;;68,8;0:24.300;
50;0:24.900;;66,7;0:28.670;;52,9;0:21.080;;61,1;0:24.410;
69,2;0:24.990;;60;0:28.760;;47,1;0:21.160;;58,8;0:24.510;
64,3;0:25.080;;60;0:28.850;;58,8;0:21.260;;52,9;0:24.600;
73,3;0:25.190;;68,8;0:28.960;;55,6;0:21.360;;62,5;0:24.700;
60;0:25.280;;78,6;0:29.070;;56,2;0:21.450;;60;0:24.790;
58,3;0:25.350;;53,3;0:29.150;;47,1;0:21.530;;68,8;0:24.900;
50;0:25.420;;60;0:29.240;;50;0:21.610;;41,2;0:24.970;
69,2;0:25.510;;53,3;0:29.320;;41,2;0:21.680;;46,7;0:25.040;
38,5;0:25.560;;64,3;0:29.410;;52,9;0:21.770;;60;0:25.130;
57,1;0:25.640;;60;0:29.500;;56,2;0:21.860;;50;0:25.220;
64,3;0:25.730;;78,6;0:29.610;;31,2;0:21.910;;30;0:25.280;
42,9;0:25.790;;55,6;0:29.710;;53,3;0:21.990;;60;0:25.370;
57,1;0:25.870;;62,5;0:29.810;;62,5;0:22.090;;68,8;0:25.480;
42,9;0:25.930;;56,2;0:29.900;;62,5;0:22.190;;50;0:25.570;
69,2;0:26.020;;80;0:30.020;;46,7;0:22.260;;52,9;0:25.660;
69,2;0:26.110;;56,2;0:30.110;;58,8;0:22.360;;60;0:25.750;
69,2;0:26.200;;62,5;0:30.210;;33,3;0:22.420;;56,2;0:25.840;
57,1;0:26.280;;56,2;0:30.300;;56,2;0:22.510;;56,2;0:25.930;
61,5;0:26.360;;78,6;0:30.410;;41,2;0:22.580;;64,7;0:26.040;
64,3;0:26.450;;50;0:30.490;;37,5;0:22.640;;47,4;0:26.130;
53,3;0:26.530;;40;0:30.550;;46,7;0:22.710;;44,4;0:26.210;
71,4;0:26.630;;57,1;0:30.630;;53,3;0:22.790;;50;0:26.290;
73,3;0:26.740;;60;0:30.720;;56,2;0:22.880;;50;0:26.370;
71,4;0:26.840;;60;0:30.810;;64,7;0:22.990;;55,6;0:26.470;
60;0:26.930;;46,7;0:30.880;;50;0:23.080;;55,6;0:26.570;
71,4;0:27.030;;57,1;0:30.960;;37,5;0:23.140;;47,4;0:26.660;
42,9;0:27.090;;66,7;0:31.060;;60;0:23.230;;56,2;0:26.750;
69,2;0:27.180;;66,7;0:31.160;;41,2;0:23.300;;62,5;0:26.850;
85,7;0:27.300;;60;0:31.250;;43,8;0:23.370;;52,6;0:26.950;
53,3;0:27.380;;62,5;0:31.350;;56,2;0:23.460;;50;0:27.030;
61,5;0:27.460;;62,5;0:31.450;;42,9;0:23.520;;50;0:27.110;
78,6;0:27.570;;43,8;0:31.520;;53,3;0:23.600;;50;0:27.190;
66,7;0:27.670;;50;0:31.590;;43,8;0:23.670;;55,6;0:27.290;
78,6;0:27.780;;42,9;0:31.650;;33,3;0:23.720;;50;0:27.380;
57,1;0:27.860;;69,2;0:31.740;;35,3;0:23.780;;50;0:27.460;
61,5;0:27.940;;53,3;0:31.820;;57,1;0:23.860;;62,5;0:27.560;
64,3;0:28.030;;62,5;0:31.920;;50;0:23.940;;52,9;0:27.650;
46,2;0:28.090;;64,7;0:32.030;;53,3;0:24.020;;56,2;0:27.740;
64,3;0:28.180;;75;0:32.150;;52,9;0:24.110;;60;0:27.830;
61,5;0:28.260;;41,2;0:32.220;;50;0:24.180;;68,8;0:27.940;
69,2;0:28.350;;73,3;0:32.330;;50;0:24.260;;58,8;0:28.040;
50;0:28.420;;53,3;0:32.410;;57,1;0:24.340;;38,9;0:28.110;
84,6;0:28.530;;66,7;0:32.510;;50;0:24.410;;47,1;0:28.190;
57,1;0:28.610;;53,3;0:32.590;;60;0:24.500;;43,8;0:28.260;
64,3;0:28.700;;53,3;0:32.670;;50;0:24.580;;56,2;0:28.350;
78,6;0:28.810;;46,7;0:32.740;;53,3;0:24.660;;52,9;0:28.440;
40;0:28.870;;78,6;0:32.850;;46,7;0:24.730;;35,3;0:28.500;
76,9;0:28.970;;62,5;0:32.950;;53,3;0:24.810;;56,2;0:28.590;
53,3;0:29.050;;50;0:33.020;;50;0:24.880;;44,4;0:28.670;
58,3;0:29.120;;71,4;0:33.120;;60;0:24.970;;38,9;0:28.740;
53,3;0:29.200;;47,1;0:33.200;;40;0:25.030;;61,1;0:28.850;
53,8;0:29.270;;71,4;0:33.300;;50;0:25.100;;58,8;0:28.950;
64,3;0:29.360;;57,1;0:33.380;;57,1;0:25.180;;60;0:29.040;
57,1;0:29.440;;52,9;0:33.470;;47,1;0:25.260;;58,8;0:29.140;
85,7;0:29.560;;71,4;0:33.570;;71,4;0:25.360;;56,2;0:29.230;
56,2;0:29.650;;58,8;0:33.670;;66,7;0:25.460;;56,2;0:29.320;
60;0:29.740;;56,2;0:33.760;;53,3;0:25.540;;60;0:29.410;
64,3;0:29.830;;47,1;0:33.840;;57,1;0:25.620;;66,7;0:29.530;
64,3;0:29.920;;60;0:33.930;;53,3;0:25.700;;50;0:29.620;
60;0:30.010;;62,5;0:34.030;;71,4;0:25.800;;58,8;0:29.720;
50;0:30.080;;64,3;0:34.120;;46,7;0:25.870;;50;0:29.810;
57,1;0:30.160;;46,7;0:34.190;;53,3;0:25.950;;64,7;0:29.920;
73,3;0:30.270;;50;0:34.260;;56,2;0:26.040;;55,6;0:30.020;
60;0:30.360;;71,4;0:34.360;;53,3;0:26.120;;52,9;0:30.110;
50;0:30.430;;62,5;0:34.460;;42,9;0:26.180;;52,9;0:30.200;
66,7;0:30.530;;60;0:34.550;;60;0:26.270;;53,3;0:30.280;
64,3;0:30.620;;71,4;0:34.650;;46,7;0:26.340;;58,8;0:30.380;
78,6;0:30.730;;50;0:34.720;;60;0:26.430;;50;0:30.470;
57,1;0:30.810;;57,1;0:34.800;;47,1;0:26.510;;66,7;0:30.570;
80;0:30.930;;71,4;0:34.900;;64,3;0:26.600;;44,4;0:30.650;
43,8;0:31.000;;62,5;0:35.000;;52,9;0:26.690;;56,2;0:30.740;
53,8;0:31.070;;57,1;0:35.080;;50;0:26.770;;50;0:30.830;
46,7;0:31.140;;64,3;0:35.170;;57,1;0:26.850;;58,8;0:30.930;
61,5;0:31.220;;60;0:35.260;;60;0:26.940;;50;0:31.020;
80;0:31.340;;43,8;0:35.330;;50;0:27.020;;47,1;0:31.100;
41,2;0:31.410;;60;0:35.420;;41,2;0:27.090;;38,9;0:31.170;
69,2;0:31.500;;58,8;0:35.520;;56,2;0:27.180;;56,2;0:31.260;
46,7;0:31.570;;60;0:35.610;;60;0:27.270;;66,7;0:31.360;
61,5;0:31.650;;60;0:35.700;;50;0:27.350;;36,8;0:31.430;
76,9;0:31.750;;64,3;0:35.790;;43,8;0:27.420;;50;0:31.510;
80;0:31.870;;56,2;0:35.880;;57,1;0:27.500;;80;0:31.630;
57,1;0:31.950;;50;0:35.960;;53,3;0:27.580;;52,9;0:31.720;
61,5;0:32.030;;71,4;0:36.060;;46,7;0:27.650;;52,9;0:31.810;
53,3;0:32.110;;58,8;0:36.160;;64,3;0:27.740;;58,8;0:31.910;
50;0:32.180;;53,3;0:36.240;;52,9;0:27.830;;57,9;0:32.020;
76,9;0:32.280;;60;0:36.330;;64,3;0:27.920;;45;0:32.110;
46,7;0:32.350;;61,5;0:36.410;;62,5;0:28.020;;63,2;0:32.230;
53,8;0:32.420;;60;0:36.500;;50;0:28.100;;55,6;0:32.330;
57,1;0:32.500;;57,1;0:36.580;;50;0:28.170;;62,5;0:32.430;
61,5;0:32.580;;52,9;0:36.670;;50;0:28.250;;64,7;0:32.540;
46,2;0:32.640;;64,3;0:36.760;;66,7;0:28.350;;42,1;0:32.620;
69,2;0:32.730;;66,7;0:36.860;;46,7;0:28.420;;55,6;0:32.720;
35,7;0:32.780;;56,2;0:36.950;;64,3;0:28.510;;56,2;0:32.810;
53,8;0:32.850;;71,4;0:37.050;;43,8;0:28.580;;52,9;0:32.900;
53,8;0:32.920;;60;0:37.140;;40;0:28.640;;55,6;0:33.000;
61,5;0:33.000;;57,1;0:37.220;;62,5;0:28.740;;58,8;0:33.100;
64,3;0:33.090;;60;0:37.310;;46,7;0:28.810;;56,2;0:33.190;
69,2;0:33.180;;66,7;0:37.410;;53,3;0:28.890;;56,2;0:33.280;
71,4;0:33.280;;68,8;0:37.520;;50;0:28.970;;50;0:33.370;
57,1;0:33.360;;50;0:37.600;;56,2;0:29.060;;43,8;0:33.440;
69,2;0:33.450;;60;0:37.690;;70,6;0:29.180;;62,5;0:33.540;
57,1;0:33.530;;64,3;0:37.780;;56,2;0:29.270;;58,8;0:33.640;
71,4;0:33.630;;64,3;0:37.870;;50;0:29.340;;43,8;0:33.710;
57,1;0:33.710;;57,1;0:37.950;;64,3;0:29.430;;50;0:33.790;
61,5;0:33.790;;57,1;0:38.030;;60;0:29.520;;46,7;0:33.860;
50;0:33.860;;85,7;0:38.150;;53,3;0:29.600;;56,2;0:33.950;
53,8;0:33.930;;56,2;0:38.240;;60;0:29.690;;55,6;0:34.050;
53,8;0:34.000;;43,8;0:38.310;;31,2;0:29.740;;50;0:34.140;
69,2;0:34.090;;71,4;0:38.410;;61,5;0:29.820;;62,5;0:34.240;
69,2;0:34.180;;68,8;0:38.520;;56,2;0:29.910;;56,2;0:34.330;
64,3;0:34.270;;68,8;0:38.630;;60;0:30.000;;50;0:34.420;
46,7;0:34.340;;60;0:38.720;;46,7;0:30.070;;47,1;0:34.500;
57,1;0:34.420;;66,7;0:38.820;;64,3;0:30.160;;52,9;0:34.590;
61,5;0:34.500;;56,2;0:38.910;;46,7;0:30.230;;64,7;0:34.700;
69,2;0:34.590;;56,2;0:39.000;;50;0:30.300;;52,9;0:34.790;
57,1;0:34.670;;57,1;0:39.080;;56,2;0:30.390;;52,9;0:34.880;
69,2;0:34.760;;60;0:39.170;;66,7;0:30.490;;50;0:34.960;
64,3;0:34.850;;78,6;0:39.280;;52,9;0:30.580;;56,2;0:35.050;
50;0:34.920;;64,3;0:39.370;;60;0:30.670;;52,9;0:35.140;
76,9;0:35.020;;68,8;0:39.480;;41,2;0:30.740;;53,3;0:35.220;
60;0:35.110;;50;0:39.550;;40;0:30.800;;46,7;0:35.290;
53,3;0:35.190;;71,4;0:39.650;;53,3;0:30.880;;33,3;0:35.350;
76,9;0:35.290;;46,7;0:39.720;;50;0:30.950;;40;0:35.410;
38,5;0:35.340;;80;0:39.840;;64,3;0:31.040;;53,3;0:35.490;
69,2;0:35.430;;62,5;0:39.940;;53,3;0:31.120;;41,2;0:35.560;
14,3;0:35.450;;66,7;0:40.040;;46,7;0:31.190;;50;0:35.640;
8,3;0:35.460;;33,3;0:40.100;;50;0:31.260;;35,3;0:35.700;
46,2;0:35.520;;57,1;0:40.180;;60;0:31.350;;53,3;0:35.780;
64,3;0:35.610;;43,8;0:40.250;;46,7;0:31.420;;60;0:35.870;
71,4;0:35.710;;71,4;0:40.350;;64,3;0:31.510;;35,3;0:35.930;
57,1;0:35.790;;81,2;0:40.480;;43,8;0:31.580;;73,3;0:36.040;
71,4;0:35.890;;68,8;0:40.590;;64,3;0:31.670;;50;0:36.120;
57,1;0:35.970;;62,5;0:40.690;;53,3;0:31.750;;52,9;0:36.210;
64,3;0:36.060;;71,4;0:40.790;;60;0:31.840;;50;0:36.290;
33,3;0:36.120;;66,7;0:40.890;;57,1;0:31.920;;52,9;0:36.380;
75;0:36.210;;64,3;0:40.980;;57,1;0:32.000;;44,4;0:36.460;
64,3;0:36.300;;73,3;0:41.090;;46,7;0:32.070;;46,7;0:36.530;
38,5;0:36.350;;62,5;0:41.190;;60;0:32.160;;56,2;0:36.620;
69,2;0:36.440;;68,8;0:41.300;;64,3;0:32.250;;50;0:36.700;
78,6;0:36.550;;50;0:41.380;;50;0:32.330;;62,5;0:36.800;
46,7;0:36.620;;69,2;0:41.470;;56,2;0:32.420;;58,8;0:36.900;
57,1;0:36.700;;56,2;0:41.560;;43,8;0:32.490;;64,7;0:37.010;
78,6;0:36.810;;64,3;0:41.650;;60;0:32.580;;52,9;0:37.100;
64,3;0:36.900;;71,4;0:41.750;;64,3;0:32.670;;55,6;0:37.200;
50;0:36.970;;62,5;0:41.850;;43,8;0:32.740;;57,9;0:37.310;
66,7;0:37.070;;56,2;0:41.940;;46,7;0:32.810;;55,6;0:37.410;
64,3;0:37.160;;60;0:42.030;;57,1;0:32.890;;58,8;0:37.510;
57,1;0:37.240;;55,6;0:42.130;;71,4;0:32.990;;53,3;0:37.590;
69,2;0:37.330;;50;0:42.210;;60;0:33.080;;56,2;0:37.680;
71,4;0:37.430;;71,4;0:42.310;;53,3;0:33.160;;56,2;0:37.770;
61,5;0:37.510;;60;0:42.400;;66,7;0:33.260;;41,2;0:37.840;
64,3;0:37.600;;53,3;0:42.480;;60;0:33.350;;66,7;0:37.940;
64,3;0:37.690;;53,3;0:42.560;;60;0:33.440;;50;0:38.030;
57,1;0:37.770;;69,2;0:42.650;;60;0:33.530;;60;0:38.120;
64,3;0:37.860;;66,7;0:42.750;;43,8;0:33.600;;50;0:38.210;
53,3;0:37.940;;60;0:42.840;;60;0:33.690;;68,8;0:38.320;
78,6;0:38.050;;62,5;0:42.940;;64,3;0:33.780;;52,9;0:38.410;
64,3;0:38.140;;52,9;0:43.030;;53,3;0:33.860;;58,8;0:38.510;
57,1;0:38.220;;57,1;0:43.110;;43,8;0:33.930;;50;0:38.590;
57,1;0:38.300;;60;0:43.200;;60;0:34.020;;50;0:38.670;
69,2;0:38.390;;80;0:43.320;;50;0:34.100;;81,2;0:38.800;
71,4;0:38.490;;68,8;0:43.430;;60;0:34.190;;55,6;0:38.900;
53,3;0:38.570;;56,2;0:43.520;;50;0:34.260;;64,7;0:39.010;
69,2;0:38.660;;64,3;0:43.610;;57,1;0:34.340;;61,1;0:39.120;
76,9;0:38.760;;57,1;0:43.690;;64,3;0:34.430;;43,8;0:39.190;
80;0:38.880;;60;0:43.780;;46,7;0:34.500;;50;0:39.270;
53,3;0:38.960;;56,2;0:43.870;;57,1;0:34.580;;50;0:39.350;
57,1;0:39.040;;64,3;0:43.960;;50;0:34.660;;73,3;0:39.460;
66,7;0:39.140;;60;0:44.050;;66,7;0:34.760;;47,4;0:39.550;
57,1;0:39.220;;57,1;0:44.130;;60;0:34.850;;44,4;0:39.630;
69,2;0:39.310;;71,4;0:44.230;;46,7;0:34.920;;64,3;0:39.720;
64,3;0:39.400;;57,1;0:44.310;;53,3;0:35.000;;47,1;0:39.800;
46,2;0:39.460;;64,3;0:44.400;;60;0:35.090;;68,8;0:39.910;
69,2;0:39.550;;81,2;0:44.530;;43,8;0:35.160;;41,2;0:39.980;
71,4;0:39.650;;42,1;0:44.610;;53,3;0:35.240;;47,1;0:40.060;
50;0:39.720;;66,7;0:44.710;;73,3;0:35.350;;56,2;0:40.150;
53,3;0:39.800;;43,8;0:44.780;;44,4;0:35.430;;68,8;0:40.260;
61,5;0:39.880;;64,3;0:44.870;;53,3;0:35.510;;61,1;0:40.370;
66,7;0:39.980;;53,3;0:44.950;;60;0:35.600;;60;0:40.490;
56,2;0:40.070;;61,5;0:45.030;;56,2;0:35.690;;52,6;0:40.590;
64,3;0:40.160;;68,8;0:45.140;;52,9;0:35.780;;68,8;0:40.700;
53,3;0:40.240;;57,1;0:45.220;;52,9;0:35.870;;50;0:40.790;
53,8;0:40.310;;73,3;0:45.330;;47,1;0:35.950;;60;0:40.880;
61,5;0:40.390;;78,6;0:45.440;;50;0:36.030;;56,2;0:40.970;
57,1;0:40.470;;73,3;0:45.550;;35,7;0:36.080;;58,8;0:41.070;
42,9;0:40.530;;53,3;0:45.630;;53,3;0:36.160;;52,9;0:41.160;
61,5;0:40.610;;60;0:45.720;;57,1;0:36.240;;44,4;0:41.240;
61,5;0:40.690;;50;0:45.800;;50;0:36.310;;50;0:41.320;
64,3;0:40.780;;50;0:45.870;;57,1;0:36.390;;47,1;0:41.400;
64,3;0:40.870;;53,3;0:45.950;;35,7;0:36.440;;62,5;0:41.500;
61,5;0:40.950;;85,7;0:46.070;;40;0:36.500;;62,5;0:41.600;
56,2;0:41.040;;70,6;0:46.190;;71,4;0:36.600;;56,2;0:41.690;
76,9;0:41.140;;56,2;0:46.280;;43,8;0:36.670;;62,5;0:41.790;
61,5;0:41.220;;62,5;0:46.380;;71,4;0:36.770;;56,2;0:41.880;
53,8;0:41.290;;75;0:46.500;;50;0:36.850;;58,8;0:41.980;
69,2;0:41.380;;73,3;0:46.610;;60;0:36.940;;77,8;0:42.120;
42,9;0:41.440;;43,8;0:46.680;;57,1;0:37.020;;55,6;0:42.220;
61,5;0:41.520;;66,7;0:46.780;;73,3;0:37.130;;75;0:42.340;
64,3;0:41.610;;62,5;0:46.880;;50;0:37.210;;57,9;0:42.450;
66,7;0:41.710;;62,5;0:46.980;;60;0:37.300;;62,5;0:42.550;
46,2;0:41.770;;56,2;0:47.070;;50;0:37.370;;31,2;0:42.600;
69,2;0:41.860;;60;0:47.160;;60;0:37.460;;50;0:42.680;
61,5;0:41.940;;60;0:47.250;;64,7;0:37.570;;58,8;0:42.780;
66,7;0:42.020;;66,7;0:47.350;;73,3;0:37.680;;62,5;0:42.880;
78,6;0:42.130;;78,6;0:47.460;;47,1;0:37.760;;75;0:43.000;
60;0:42.220;;60;0:47.550;;66,7;0:37.860;;44,4;0:43.080;
60;0:42.310;;53,3;0:47.630;;64,7;0:37.970;;56,2;0:43.170;
71,4;0:42.410;;53,3;0:47.710;;56,2;0:38.060;;56,2;0:43.260;
60;0:42.500;;57,1;0:47.790;;47,1;0:38.140;;56,2;0:43.350;
66,7;0:42.600;;73,3;0:47.900;;50;0:38.220;;66,7;0:43.470;
66,7;0:42.700;;64,3;0:47.990;;71,4;0:38.320;;55,6;0:43.570;
66,7;0:42.800;;71,4;0:48.090;;60;0:38.410;;50;0:43.650;
66,7;0:42.900;;52,9;0:48.180;;57,1;0:38.490;;56,2;0:43.740;
69,2;0:42.990;;46,7;0:48.250;;56,2;0:38.580;;25;0:43.780;
50;0:43.060;;66,7;0:48.350;;46,7;0:38.650;;66,7;0:43.880;
76,9;0:43.160;;43,8;0:48.420;;53,8;0:38.720;;47,1;0:43.960;
53,3;0:43.240;;60;0:48.510;;60;0:38.810;;33,3;0:44.010;
60;0:43.330;;64,3;0:48.600;;66,7;0:38.910;;53,3;0:44.090;
64,3;0:43.420;;71,4;0:48.700;;50;0:38.990;;47,1;0:44.170;
73,3;0:43.530;;62,5;0:48.800;;60;0:39.080;;52,9;0:44.260;
46,7;0:43.600;;56,2;0:48.890;;43,8;0:39.150;;60;0:44.350;
76,9;0:43.700;;56,2;0:48.980;;73,3;0:39.260;;56,2;0:44.440;
66,7;0:43.780;;53,3;0:49.060;;60;0:39.350;;38,9;0:44.510;
71,4;0:43.880;;58,8;0:49.160;;62,5;0:39.450;;60;0:44.600;
71,4;0:43.980;;64,3;0:49.250;;56,2;0:39.540;;47,1;0:44.680;
61,5;0:44.060;;50;0:49.320;;66,7;0:39.640;;50;0:44.760;
42,9;0:44.120;;64,3;0:49.410;;50;0:39.730;;58,8;0:44.860;
60;0:44.210;;57,1;0:49.490;;50;0:39.800;;56,2;0:44.950;
60;0:44.300;;60;0:49.580;;42,9;0:39.860;;58,8;0:45.050;
71,4;0:44.400;;57,1;0:49.660;;57,1;0:39.940;;50;0:45.130;
50;0:44.470;;40;0:49.720;;53,3;0:40.020;;52,9;0:45.220;
61,5;0:44.550;;85,7;0:49.840;;60;0:40.110;;47,1;0:45.300;
57,1;0:44.630;;43,8;0:49.910;;60;0:40.200;;62,5;0:45.400;
61,5;0:44.710;;64,3;0:50.000;;41,2;0:40.270;;52,9;0:45.490;
61,5;0:44.790;;69,2;0:50.090;;53,3;0:40.350;;60;0:45.580;
46,7;0:44.860;;46,7;0:50.160;;60;0:40.440;;47,1;0:45.660;
57,1;0:44.940;;50;0:50.230;;50;0:40.520;;66,7;0:45.760;
57,1;0:45.020;;73,3;0:50.340;;66,7;0:40.620;;64,7;0:45.870;
84,6;0:45.130;;62,5;0:50.440;;47,1;0:40.700;;64,7;0:45.980;
66,7;0:45.230;;64,3;0:50.530;;71,4;0:40.800;;61,1;0:46.090;
75;0:45.350;;73,3;0:50.640;;62,5;0:40.900;;63,2;0:46.210;
50;0:45.430;;62,5;0:50.740;;58,8;0:41.000;;58,8;0:46.310;
57,1;0:45.510;;53,3;0:50.820;;47,1;0:41.080;;50;0:46.390;
61,5;0:45.590;;73,3;0:50.930;;50;0:41.150;;70,6;0:46.510;
61,5;0:45.670;;55,6;0:51.030;;53,3;0:41.230;;50;0:46.600;
64,3;0:45.760;;80;0:51.150;;64,3;0:41.320;;66,7;0:46.700;
64,3;0:45.850;;66,7;0:51.250;;57,1;0:41.400;;58,8;0:46.800;
50;0:45.920;;60;0:51.340;;40;0:41.460;;47,1;0:46.880;
71,4;0:46.020;;64,3;0:51.430;;53,3;0:41.540;;35,3;0:46.940;
40;0:46.080;;53,3;0:51.510;;81,2;0:41.670;;37,5;0:47.000;
64,3;0:46.170;;69,2;0:51.600;;58,8;0:41.770;;53,3;0:47.080;
76,9;0:46.270;;73,3;0:51.710;;66,7;0:41.870;;58,8;0:47.180;
78,6;0:46.380;;58,8;0:51.810;;56,2;0:41.960;;73,3;0:47.290;
53,3;0:46.460;;60;0:51.900;;66,7;0:42.060;;41,2;0:47.360;
76,9;0:46.560;;64,3;0:51.990;;50;0:42.140;;68,8;0:47.470;
60;0:46.650;;53,3;0:52.070;;33,3;0:42.190;;56,2;0:47.560;
57,1;0:46.730;;86,7;0:52.200;;57,1;0:42.270;;56,2;0:47.650;
46,7;0:46.800;;44,4;0:52.280;;50;0:42.340;;70,6;0:47.770;
64,3;0:46.890;;60;0:52.370;;71,4;0:42.440;;70,6;0:47.890;
53,8;0:46.960;;46,7;0:52.440;;50;0:42.520;;58,8;0:47.990;
69,2;0:47.050;;60;0:52.530;;78,6;0:42.630;;50;0:48.080;
61,5;0:47.130;;50;0:52.600;;43,8;0:42.700;;57,9;0:48.190;
64,3;0:47.220;;53,3;0:52.680;;53,3;0:42.780;;70,6;0:48.310;
64,3;0:47.310;;57,1;0:52.760;;68,8;0:42.890;;77,8;0:48.450;
66,7;0:47.410;;85,7;0:52.880;;68,8;0:43.000;;60;0:48.570;
64,3;0:47.500;;46,7;0:52.950;;47,1;0:43.080;;50;0:48.660;
57,1;0:47.580;;71,4;0:53.050;;60;0:43.170;;64,7;0:48.770;
57,1;0:47.660;;53,3;0:53.130;;68,8;0:43.280;;50;0:48.850;
60;0:47.750;;57,1;0:53.210;;50;0:43.360;;58,8;0:48.950;
53,8;0:47.820;;57,1;0:53.290;;73,3;0:43.470;;56,2;0:49.040;
85,7;0:47.940;;71,4;0:53.390;;52,9;0:43.560;;47,1;0:49.120;
50;0:48.020;;78,6;0:53.500;;50;0:43.640;;46,7;0:49.190;
37,5;0:48.080;;42,1;0:53.580;;40;0:43.700;;33,3;0:49.240;
61,5;0:48.160;;64,3;0:53.670;;64,3;0:43.790;;60;0:49.330;
61,5;0:48.240;;57,1;0:53.750;;73,3;0:43.900;;47,1;0:49.410;
69,2;0:48.330;;60;0:53.840;;46,7;0:43.970;;44,4;0:49.490;
57,1;0:48.410;;46,7;0:53.910;;64,3;0:44.060;;29,4;0:49.540;
57,1;0:48.490;;71,4;0:54.010;;73,3;0:44.170;;35,7;0:49.590;
60;0:48.580;;68,8;0:54.120;;38,9;0:44.240;;23,5;0:49.630;
61,5;0:48.660;;50;0:54.200;;85,7;0:44.360;;25;0:49.670;
71,4;0:48.760;;62,5;0:54.300;;66,7;0:44.480;;43,8;0:49.740;
61,5;0:48.840;;57,1;0:54.380;;38,9;0:44.550;;17,6;0:49.770;
73,3;0:48.950;;64,3;0:54.470;;62,5;0:44.650;;25;0:49.810;
60;0:49.040;;68,8;0:54.580;;56,2;0:44.740;;23,5;0:49.850;
61,5;0:49.120;;58,8;0:54.680;;50;0:44.820;;26,7;0:49.890;
71,4;0:49.220;;52,9;0:54.770;;50;0:44.890;;25;0:49.930;
71,4;0:49.320;;69,2;0:54.860;;53,8;0:44.960;;21,4;0:49.960;
62,5;0:49.420;;78,6;0:54.970;;47,1;0:45.040;;13,3;0:49.980;
66,7;0:49.520;;80;0:55.090;;66,7;0:45.140;;6,2;0:49.990;
64,3;0:49.610;;50;0:55.170;;53,3;0:45.220;;6,7;0:50.000;
61,5;0:49.690;;60;0:55.260;;53,3;0:45.300;;14,3;0:50.020;
78,6;0:49.800;;50;0:55.340;;64,3;0:45.390;;7,1;0:50.030;
71,4;0:49.900;;66,7;0:55.440;;50;0:45.470;;7,1;0:50.040;
53,3;0:49.980;;66,7;0:55.540;;66,7;0:45.570;;6,7;0:50.050;
84,6;0:50.090;;46,7;0:55.610;;71,4;0:45.670;;7,1;0:50.060;
46,7;0:50.160;;64,3;0:55.700;;50;0:45.740;;6,2;0:50.070;
50;0:50.230;;62,5;0:55.800;;57,1;0:45.820;;7,1;0:50.080;
78,6;0:50.340;;62,5;0:55.900;;66,7;0:45.920;;6,7;0:50.090;
62,5;0:50.440;;57,1;0:55.980;;43,8;0:45.990;;;;
60;0:50.530;;66,7;0:56.080;;73,3;0:46.100;;;;
71,4;0:50.630;;80;0:56.200;;47,1;0:46.180;;;;
68,8;0:50.740;;78,6;0:56.310;;71,4;0:46.280;;;;
71,4;0:50.840;;62,5;0:56.410;;42,1;0:46.360;;;;
64,3;0:50.930;;43,8;0:56.480;;73,3;0:46.470;;;;
53,8;0:51.000;;64,3;0:56.570;;50;0:46.550;;;;
61,5;0:51.080;;50;0:56.640;;33,3;0:46.600;;;;
61,5;0:51.160;;57,1;0:56.720;;64,3;0:46.690;;;;
61,5;0:51.240;;53,3;0:56.800;;66,7;0:46.790;;;;
76,9;0:51.340;;66,7;0:56.900;;73,3;0:46.900;;;;
53,8;0:51.410;;53,3;0:56.980;;50;0:46.990;;;;
42,9;0:51.470;;71,4;0:57.080;;50;0:47.070;;;;
76,9;0:51.570;;50;0:57.160;;68,8;0:47.180;;;;
60;0:51.660;;42,9;0:57.220;;53,3;0:47.260;;;;
53,3;0:51.740;;57,1;0:57.300;;37,5;0:47.320;;;;
71,4;0:51.840;;31,2;0:57.350;;50;0:47.390;;;;
64,3;0:51.930;;61,5;0:57.430;;40;0:47.450;;;;
58,3;0:52.000;;46,7;0:57.500;;40;0:47.510;;;;
78,6;0:52.110;;57,1;0:57.580;;69,2;0:47.600;;;;
60;0:52.200;;42,9;0:57.640;;38,9;0:47.670;;;;
37,5;0:52.260;;42,9;0:57.700;;33,3;0:47.720;;;;
71,4;0:52.360;;42,9;0:57.760;;25;0:47.760;;;;
60;0:52.450;;20;0:57.790;;35,7;0:47.810;;;;
64,3;0:52.540;;38,5;0:57.840;;33,3;0:47.860;;;;
53,8;0:52.610;;35,7;0:57.890;;23,1;0:47.890;;;;
64,3;0:52.700;;21,4;0:57.920;;33,3;0:47.940;;;;
69,2;0:52.790;;38,5;0:57.970;;26,7;0:47.980;;;;
57,1;0:52.870;;35,7;0:58.020;;28,6;0:48.020;;;;
57,1;0:52.950;;28,6;0:58.060;;25;0:48.060;;;;
69,2;0:53.040;;30,8;0:58.100;;26,7;0:48.100;;;;
53,3;0:53.120;;28,6;0:58.140;;20;0:48.130;;;;
73,3;0:53.230;;30,8;0:58.180;;7,7;0:48.140;;;;
56,2;0:53.320;;21,4;0:58.210;;7,7;0:48.150;;;;
53,8;0:53.390;;7,1;0:58.220;;7,7;0:48.160;;;;
71,4;0:53.490;;7,7;0:58.230;;7,1;0:48.170;;;;
61,5;0:53.570;;7,7;0:58.240;;7,1;0:48.180;;;;
71,4;0:53.670;;7,7;0:58.250;;15,4;0:48.200;;;;
58,3;0:53.740;;7,1;0:58.260;;7,7;0:48.210;;;;
57,1;0:53.820;;7,1;0:58.270;;7,7;0:48.220;;;;
53,8;0:53.890;;7,7;0:58.280;;7,7;0:48.230;;;;
53,8;0:53.960;;14,3;0:58.300;;7,1;0:48.240;;;;
61,5;0:54.040;;7,7;0:58.310;;7,7;0:48.250;;;;
69,2;0:54.130;;7,7;0:58.320;;7,7;0:48.260;;;;
60;0:54.220;;7,7;0:58.330;;7,7;0:48.270;;;;
75;0:54.310;;7,1;0:58.340;;7,7;0:48.280;;;;
64,3;0:54.400;;7,1;0:58.350;;7,7;0:48.290;;;;
84,6;0:54.510;;7,7;0:58.360;;7,7;0:48.300;;;;
71,4;0:54.610;;7,7;0:58.370;;7,1;0:48.310;;;;
40;0:54.670;;7,1;0:58.380;;7,7;0:48.320;;;;
71,4;0:54.770;;7,7;0:58.390;;7,7;0:48.330;;;;
66,7;0:54.870;;7,1;0:58.400;;7,1;0:48.340;;;;
69,2;0:54.960;;15,4;0:58.420;;7,7;0:48.350;;;;
71,4;0:55.060;;7,7;0:58.430;;7,7;0:48.360;;;;
64,3;0:55.150;;7,7;0:58.440;;7,7;0:48.370;;;;
68,8;0:55.260;;7,1;0:58.450;;7,7;0:48.380;;;;
69,2;0:55.350;;7,7;0:58.460;;7,7;0:48.390;;;;
57,1;0:55.430;;7,7;0:58.470;;7,7;0:48.400;;;;
69,2;0:55.520;;7,7;0:58.480;;7,1;0:48.410;;;;
61,5;0:55.600;;7,7;0:58.490;;7,1;0:48.420;;;;
53,8;0:55.670;;;;;7,7;0:48.430;;;;
69,2;0:55.760;;;;;7,7;0:48.440;;;;
64,3;0:55.850;;;;;7,7;0:48.450;;;;
69,2;0:55.940;;;;;7,7;0:48.460;;;;
69,2;0:56.030;;;;;7,7;0:48.470;;;;
69,2;0:56.120;;;;;7,1;0:48.480;;;;
61,5;0:56.200;;;;;7,1;0:48.490;;;;
83,3;0:56.300;;;;;7,7;0:48.500;;;;
50;0:56.370;;;;;7,1;0:48.510;;;;
38,5;0:56.420;;;;;7,1;0:48.520;;;;
66,7;0:56.500;;;;;6,7;0:48.530;;;;
50;0:56.570;;;;;7,7;0:48.540;;;;
42,9;0:56.630;;;;;7,1;0:48.550;;;;
30,8;0:56.670;;;;;7,7;0:48.560;;;;
16,7;0:56.690;;;;;7,7;0:48.570;;;;
28,6;0:56.730;;;;;7,1;0:48.580;;;;
35,7;0:56.780;;;;;7,7;0:48.590;;;;
25;0:56.810;;;;;7,7;0:48.600;;;;
30,8;0:56.850;;;;;7,7;0:48.610;;;;
25;0:56.880;;;;;14,3;0:48.630;;;;
35,7;0:56.930;;;;;7,1;0:48.640;;;;
27,3;0:56.960;;;;;7,7;0:48.650;;;;
33,3;0:57.000;;;;;7,1;0:48.660;;;;
30,8;0:57.040;;;;;7,7;0:48.670;;;;
25;0:57.070;;;;;;;;;;
38,5;0:57.120;;;;;;;;;;
33,3;0:57.160;;;;;;;;;;
7,7;0:57.170;;;;;;;;;;
8,3;0:57.180;;;;;;;;;;
7,7;0:57.190;;;;;;;;;;
7,7;0:57.200;;;;;;;;;;
8,3;0:57.210;;;;;;;;;;
8,3;0:57.220;;;;;;;;;;
8,3;0:57.230;;;;;;;;;;
7,7;0:57.240;;;;;;;;;;
8,3;0:57.250;;;;;;;;;;
8,3;0:57.260;;;;;;;;;;
8,3;0:57.270;;;;;;;;;;
8,3;0:57.280;;;;;;;;;;
7,7;0:57.290;;;;;;;;;;
7,7;0:57.300;;;;;;;;;;
7,7;0:57.310;;;;;;;;;;
8,3;0:57.320;;;;;;;;;;
8,3;0:57.330;;;;;;;;;;
7,7;0:57.340;;;;;;;;;;
7,7;0:57.350;;;;;;;;;;
7,7;0:57.360;;;;;;;;;;
8,3;0:57.370;;;;;;;;;;
8,3;0:57.380;;;;;;;;;;
8,3;0:57.390;;;;;;;;;;
7,7;0:57.400;;;;;;;;;;
7,7;0:57.410;;;;;;;;;;
7,7;0:57.420;;;;;;;;;;
7,7;0:57.430;;;;;;;;;;
8,3;0:57.440;;;;;;;;;;
8,3;0:57.450;;;;;;;;;;
8,3;0:57.460;;;;;;;;;;
8,3;0:57.470;;;;;;;;;;
8,3;0:57.480;;;;;;;;;;
8,3;0:57.490;;;;;;;;;;
7,7;0:57.500;;;;;;;;;;
16,7;0:57.520;;;;;;;;;;
8,3;0:57.530;;;;;;;;;;
8,3;0:57.540;;;;;;;;;;
8,3;0:57.550;;;;;;;;;;
7,7;0:57.560;;;;;;;;;;
7,7;0:57.570;;;;;;;;;;
8,3;0:57.580;;;;;;;;;;
9,1;0:57.590;;;;;;;;;;
7,7;0:57.600;;;;;;;;;;
8,3;0:57.610;;;;;;;;;;
7,7;0:57.620;;;;;;;;;;
8,3;0:57.630;;;;;;;;;;
8,3;0:57.640;;;;;;;;;;
16,7;0:57.660;;;;;;;;;;
8,3;0:57.670;;;;;;;;;;
9,1;0:57.680;;;;;;;;;;
8,3;0:57.690;;;;;;;;;;
8,3;0:57.700;;;;;;;;;;
8,3;0:57.710;;;;;;;;;;
7,7;0:57.720;;;;;;;;;;
8,3;0:57.730;;;;;;;;;;
7,7;0:57.740;;;;;;;;;;
7,1;0:57.750;;;;;;;;;;
8,3;0:57.760;;;;;;;;;;
16,7;0:57.780;;;;;;;;;;
7,7;0:57.790;;;;;;;;;;
8,3;0:57.800;;;;;;;;;;
7,7;0:57.810;;;;;;;;;;
8,3;0:57.820;;;;;;;;;;
8,3;0:57.830;;;;;;;;;;
8,3;0:57.840;;;;;;;;;;
7,7;0:57.850;;;;;;;;;;
7,7;0:57.860;;;;;;;;;;
8,3;0:57.870;;;;;;;;;;
7,7;0:57.880;;;;;;;;;;
8,3;0:57.890;;;;;;;;;;
8,3;0:57.900;;;;;;;;;;
7,7;0:57.910;;;;;;;;;;
8,3;0:57.920;;;;;;;;;;
8,3;0:57.930;;;;;;;;;;
8,3;0:57.940;;;;;;;;;;
8,3;0:57.950;;;;;;;;;;
8,3;0:57.960;;;;;;;;;;
7,7;0:57.970;;;;;;;;;;
8,3;0:57.980;;;;;;;;;;
8,3;0:57.990;;;;;;;;;;
8,3;0:58.000;;;;;;;;;;
8,3;0:58.010;;;;;;;;;;
8,3;0:58.020;;;;;;;;;;
8,3;0:58.030;;;;;;;;;;
7,7;0:58.040;;;;;;;;;;
7,7;0:58.050;;;;;;;;;;
7,7;0:58.060;;;;;;;;;;
8,3;0:58.070;;;;;;;;;;
7,7;0:58.080;;;;;;;;;;
7,7;0:58.090;;;;;;;;;;
8,3;0:58.100;;;;;;;;;;
8,3;0:58.110;;;;;;;;;;
7,7;0:58.120;;;;;;;;;;
8,3;0:58.130;;;;;;;;;;
7,7;0:58.140;;;;;;;;;;
7,7;0:58.150;;;;;;;;;;
8,3;0:58.160;;;;;;;;;;
8,3;0:58.170;;;;;;;;;;
7,7;0:58.180;;;;;;;;;;
7,7;0:58.190;;;;;;;;;;
8,3;0:58.200;;;;;;;;;;
8,3;0:58.210;;;;;;;;;;
7,7;0:58.220;;;;;;;;;;
7,7;0:58.230;;;;;;;;;;
8,3;0:58.240;;;;;;;;;;
7,7;0:58.250;;;;;;;;;;
7,7;0:58.260;;;;;;;;;;
7,7;0:58.270;;;;;;;;;;
8,3;0:58.280;;;;;;;;;;
8,3;0:58.290;;;;;;;;;;
8,3;0:58.300;;;;;;;;;;
8,3;0:58.310;;;;;;;;;;
8,3;0:58.320;;;;;;;;;;
8,3;0:58.330;;;;;;;;;;
8,3;0:58.340;;;;;;;;;;
8,3;0:58.350;;;;;;;;;;
7,7;0:58.360;;;;;;;;;;
8,3;0:58.370;;;;;;;;;;
8,3;0:58.380;;;;;;;;;;
8,3;0:58.390;;;;;;;;;;
8,3;0:58.400;;;;;;;;;;
7,7;0:58.410;;;;;;;;;;
7,7;0:58.420;;;;;;;;;;
7,7;0:58.430;;;;;;;;;;
7,7;0:58.440;;;;;;;;;;
15,4;0:58.460;;;;;;;;;;
8,3;0:58.470;;;;;;;;;;
7,7;0:58.480;;;;;;;;;;
8,3;0:58.490;;;;;;;;;;
7,7;0:58.500;;;;;;;;;;
7,7;0:58.510;;;;;;;;;;
;;;;;;;;;;;
